"","X","team","week","wins.x","loss.x","tie.x","pass.yards.x","pass.yards.against.x","rushing_yards.x","rushing_yards.against.x","opp.team","wins.y","loss.y","tie.y","pass.yards.y","pass.yards.against.y","rushing_yards.y","rushing_yards.against.y","win","py.pg.x","pya.pg.x","ry.pg.x","rya.pg.x","py.pg.y","pya.pg.y","ry.pg.y","rya.pg.y"
"1",1,"ARI",0,0,0,0,0,0,0,0,"WAS",0,0,0,0,0,0,0,0,0,0,0,0,0,0,0,0
"2",2,"ATL",0,0,0,0,0,0,0,0,"PHI",0,0,0,0,0,0,0,0,0,0,0,0,0,0,0,0
"3",3,"BAL",0,0,0,0,0,0,0,0,"BUF",0,0,0,0,0,0,0,1,0,0,0,0,0,0,0,0
"4",4,"BUF",0,0,0,0,0,0,0,0,"BAL",0,0,0,0,0,0,0,0,0,0,0,0,0,0,0,0
"5",5,"CAR",0,0,0,0,0,0,0,0,"DAL",0,0,0,0,0,0,0,1,0,0,0,0,0,0,0,0
"6",6,"CHI",0,0,0,0,0,0,0,0,"GB",0,0,0,0,0,0,0,0,0,0,0,0,0,0,0,0
"7",7,"CIN",0,0,0,0,0,0,0,0,"IND",0,0,0,0,0,0,0,1,0,0,0,0,0,0,0,0
"8",8,"CLE",0,0,0,0,0,0,0,0,"PIT",0,0,0,0,0,0,0,0,0,0,0,0,0,0,0,0
"9",9,"DAL",0,0,0,0,0,0,0,0,"CAR",0,0,0,0,0,0,0,0,0,0,0,0,0,0,0,0
"10",10,"DEN",0,0,0,0,0,0,0,0,"SEA",0,0,0,0,0,0,0,1,0,0,0,0,0,0,0,0
"11",11,"DET",0,0,0,0,0,0,0,0,"NYJ",0,0,0,0,0,0,0,0,0,0,0,0,0,0,0,0
"12",12,"GB",0,0,0,0,0,0,0,0,"CHI",0,0,0,0,0,0,0,1,0,0,0,0,0,0,0,0
"13",13,"HOU",0,0,0,0,0,0,0,0,"NE",0,0,0,0,0,0,0,0,0,0,0,0,0,0,0,0
"14",14,"IND",0,0,0,0,0,0,0,0,"CIN",0,0,0,0,0,0,0,0,0,0,0,0,0,0,0,0
"15",15,"JAX",0,0,0,0,0,0,0,0,"NYG",0,0,0,0,0,0,0,1,0,0,0,0,0,0,0,0
"16",16,"KC",0,0,0,0,0,0,0,0,"LAC",0,0,0,0,0,0,0,1,0,0,0,0,0,0,0,0
"17",17,"LA",0,0,0,0,0,0,0,0,"LV",0,0,0,0,0,0,0,1,0,0,0,0,0,0,0,0
"18",18,"LAC",0,0,0,0,0,0,0,0,"KC",0,0,0,0,0,0,0,0,0,0,0,0,0,0,0,0
"19",19,"LV",0,0,0,0,0,0,0,0,"LA",0,0,0,0,0,0,0,0,0,0,0,0,0,0,0,0
"20",20,"MIA",0,0,0,0,0,0,0,0,"TEN",0,0,0,0,0,0,0,1,0,0,0,0,0,0,0,0
"21",21,"MIN",0,0,0,0,0,0,0,0,"SF",0,0,0,0,0,0,0,1,0,0,0,0,0,0,0,0
"22",22,"NE",0,0,0,0,0,0,0,0,"HOU",0,0,0,0,0,0,0,1,0,0,0,0,0,0,0,0
"23",23,"NO",0,0,0,0,0,0,0,0,"TB",0,0,0,0,0,0,0,0,0,0,0,0,0,0,0,0
"24",24,"NYG",0,0,0,0,0,0,0,0,"JAX",0,0,0,0,0,0,0,0,0,0,0,0,0,0,0,0
"25",25,"NYJ",0,0,0,0,0,0,0,0,"DET",0,0,0,0,0,0,0,1,0,0,0,0,0,0,0,0
"26",26,"PHI",0,0,0,0,0,0,0,0,"ATL",0,0,0,0,0,0,0,1,0,0,0,0,0,0,0,0
"27",27,"PIT",0,0,0,0,0,0,0,0,"CLE",0,0,0,0,0,0,0,0,0,0,0,0,0,0,0,0
"28",28,"SEA",0,0,0,0,0,0,0,0,"DEN",0,0,0,0,0,0,0,0,0,0,0,0,0,0,0,0
"29",29,"SF",0,0,0,0,0,0,0,0,"MIN",0,0,0,0,0,0,0,0,0,0,0,0,0,0,0,0
"30",30,"TB",0,0,0,0,0,0,0,0,"NO",0,0,0,0,0,0,0,1,0,0,0,0,0,0,0,0
"31",31,"TEN",0,0,0,0,0,0,0,0,"MIA",0,0,0,0,0,0,0,0,0,0,0,0,0,0,0,0
"32",32,"WAS",0,0,0,0,0,0,0,0,"ARI",0,0,0,0,0,0,0,1,0,0,0,0,0,0,0,0
"33",33,"ARI",1,0,1,0,153,255,68,182,"LA",1,0,0,233,303,140,95,0,153,255,68,182,233,303,140,95
"34",34,"ATL",1,0,1,0,251,132,74,113,"CAR",1,0,0,161,170,147,94,1,251,132,74,113,161,170,147,94
"35",35,"BAL",1,1,0,0,260,98,117,83,"CIN",1,0,0,243,319,101,75,0,260,98,117,83,243,319,101,75
"36",36,"BUF",1,0,1,0,98,260,83,117,"LAC",0,1,0,424,256,123,106,0,98,260,83,117,424,256,123,106
"37",37,"CAR",1,1,0,0,161,170,147,94,"ATL",0,1,0,251,132,74,113,0,161,170,147,94,251,132,74,113
"38",38,"CHI",1,0,1,0,171,341,139,69,"SEA",0,1,0,298,329,64,146,1,171,341,139,69,298,329,64,146
"39",39,"CIN",1,1,0,0,243,319,101,75,"BAL",1,0,0,260,98,117,83,1,243,319,101,75,260,98,117,83
"40",40,"CLE",1,0,0,1,197,335,177,159,"NO",0,1,0,439,417,43,112,0,197,335,177,159,439,417,43,112
"41",41,"DAL",1,0,1,0,170,161,94,147,"NYG",0,1,0,224,176,114,137,1,170,161,94,147,224,176,114,137
"42",42,"DEN",1,1,0,0,329,298,146,64,"LV",0,1,0,303,233,95,140,1,329,298,146,64,303,233,95,140
"43",43,"DET",1,0,1,0,300,198,39,169,"SF",0,1,0,261,244,90,116,0,300,198,39,169,261,244,90,116
"44",44,"GB",1,1,0,0,341,171,69,139,"MIN",1,0,0,244,261,116,90,0,341,171,69,139,244,261,116,90
"45",45,"HOU",1,0,1,0,176,277,167,122,"TEN",0,1,0,220,230,116,120,0,176,277,167,122,220,230,116,120
"46",46,"IND",1,0,1,0,319,243,75,101,"WAS",1,0,0,255,153,182,68,1,319,243,75,101,255,153,182,68
"47",47,"JAX",1,1,0,0,176,224,137,114,"NE",1,0,0,277,176,122,167,1,176,224,137,114,277,176,122,167
"48",48,"KC",1,1,0,0,256,424,106,123,"PIT",0,0,1,335,197,159,177,1,256,424,106,123,335,197,159,177
"49",49,"LA",1,1,0,0,233,303,140,95,"ARI",0,1,0,153,255,68,182,1,233,303,140,95,153,255,68,182
"50",50,"LAC",1,0,1,0,424,256,123,106,"BUF",0,1,0,98,260,83,117,1,424,256,123,106,98,260,83,117
"51",51,"LV",1,0,1,0,303,233,95,140,"DEN",1,0,0,329,298,146,64,0,303,233,95,140,329,298,146,64
"52",52,"MIA",1,1,0,0,230,220,120,116,"NYJ",1,0,0,198,300,169,39,1,230,220,120,116,198,300,169,39
"53",53,"MIN",1,1,0,0,244,261,116,90,"GB",1,0,0,341,171,69,139,0,244,261,116,90,341,171,69,139
"54",54,"NE",1,1,0,0,277,176,122,167,"JAX",1,0,0,176,224,137,114,0,277,176,122,167,176,224,137,114
"55",55,"NO",1,0,1,0,439,417,43,112,"CLE",0,0,1,197,335,177,159,1,439,417,43,112,197,335,177,159
"56",56,"NYG",1,0,1,0,224,176,114,137,"DAL",0,1,0,170,161,94,147,0,224,176,114,137,170,161,94,147
"57",57,"NYJ",1,1,0,0,198,300,169,39,"MIA",1,0,0,230,220,120,116,0,198,300,169,39,230,220,120,116
"58",58,"PHI",1,1,0,0,132,251,113,74,"TB",1,0,0,417,439,112,43,0,132,251,113,74,417,439,112,43
"59",59,"PIT",1,0,0,1,335,197,159,177,"KC",1,0,0,256,424,106,123,0,335,197,159,177,256,424,106,123
"60",60,"SEA",1,0,1,0,298,329,64,146,"CHI",0,1,0,171,341,139,69,0,298,329,64,146,171,341,139,69
"61",61,"SF",1,0,1,0,261,244,90,116,"DET",0,1,0,300,198,39,169,1,261,244,90,116,300,198,39,169
"62",62,"TB",1,1,0,0,417,439,112,43,"PHI",1,0,0,132,251,113,74,1,417,439,112,43,132,251,113,74
"63",63,"TEN",1,0,1,0,220,230,116,120,"HOU",0,1,0,176,277,167,122,1,220,230,116,120,176,277,167,122
"64",64,"WAS",1,1,0,0,255,153,182,68,"IND",0,1,0,319,243,75,101,0,255,153,182,68,319,243,75,101
"65",65,"ARI",2,0,2,0,243,609,122,272,"CHI",1,1,0,371,567,225,143,0,121.5,304.5,61,136,185.5,283.5,112.5,71.5
"66",66,"ATL",2,1,1,0,523,467,244,234,"NO",1,1,0,682,663,105,205,0,261.5,233.5,122,117,341,331.5,52.5,102.5
"67",67,"BAL",2,1,1,0,636,363,183,191,"DEN",2,0,0,551,586,314,156,1,318,181.5,91.5,95.5,275.5,293,157,78
"68",68,"BUF",2,0,2,0,343,516,167,226,"MIN",1,0,1,669,542,184,188,1,171.5,258,83.5,113,334.5,271,92,94
"69",69,"CAR",2,1,1,0,496,442,268,264,"CIN",2,0,0,508,695,209,141,1,248,221,134,132,254,347.5,104.5,70.5
"70",70,"CHI",2,1,1,0,371,567,225,143,"ARI",0,2,0,243,609,122,272,1,185.5,283.5,112.5,71.5,121.5,304.5,61,136
"71",71,"CIN",2,2,0,0,508,695,209,141,"CAR",1,1,0,496,442,268,264,0,254,347.5,104.5,70.5,248,221,134,132
"72",72,"CLE",2,0,1,1,443,578,270,221,"NYJ",1,1,0,532,468,211,174,1,221.5,289,135,110.5,266,234,105.5,87
"73",73,"DAL",2,1,1,0,330,440,232,182,"SEA",0,2,0,524,529,138,232,0,165,220,116,91,262,264.5,69,116
"74",74,"DEN",2,2,0,0,551,586,314,156,"BAL",1,1,0,636,363,183,191,0,275.5,293,157,78,318,181.5,91.5,95.5
"75",75,"DET",2,0,2,0,647,404,137,359,"NE",1,1,0,511,552,204,271,1,323.5,202,68.5,179.5,255.5,276,102,135.5
"76",76,"GB",2,1,0,1,622,596,167,207,"WAS",1,1,0,547,332,247,172,0,311,298,83.5,103.5,273.5,166,123.5,86
"77",77,"HOU",2,0,2,0,486,468,315,222,"NYG",0,2,0,503,336,149,275,0,243,234,157.5,111,251.5,168,74.5,137.5
"78",78,"IND",2,1,1,0,498,535,179,166,"PHI",1,1,0,466,653,204,117,0,249,267.5,89.5,83,233,326.5,102,58.5
"79",79,"JAX",2,2,0,0,552,458,241,196,"TEN",1,1,0,411,540,216,268,0,276,229,120.5,98,205.5,270,108,134
"80",80,"KC",2,2,0,0,582,876,233,156,"SF",1,1,0,467,591,280,214,1,291,438,116.5,78,233.5,295.5,140,107
"81",81,"LA",2,2,0,0,587,393,230,149,"LAC",1,1,0,680,501,232,190,1,293.5,196.5,115,74.5,340,250.5,116,95
"82",82,"LAC",2,1,1,0,680,501,232,190,"LA",2,0,0,587,393,230,149,0,340,250.5,116,95,293.5,196.5,115,74.5
"83",83,"LV",2,0,2,0,591,455,187,308,"MIA",2,0,0,398,554,255,158,0,295.5,227.5,93.5,154,199,277,127.5,79
"84",84,"MIA",2,2,0,0,398,554,255,158,"LV",0,2,0,591,455,187,308,1,199,277,127.5,79,295.5,227.5,93.5,154
"85",85,"MIN",2,1,0,1,669,542,184,188,"BUF",0,2,0,343,516,167,226,0,334.5,271,92,94,171.5,258,83.5,113
"86",86,"NE",2,1,1,0,511,552,204,271,"DET",0,2,0,647,404,137,359,0,255.5,276,102,135.5,323.5,202,68.5,179.5
"87",87,"NO",2,1,1,0,682,663,105,205,"ATL",1,1,0,523,467,244,234,1,341,331.5,52.5,102.5,261.5,233.5,122,117
"88",88,"NYG",2,0,2,0,503,336,149,275,"HOU",0,2,0,486,468,315,222,1,251.5,168,74.5,137.5,243,234,157.5,111
"89",89,"NYJ",2,1,1,0,532,468,211,174,"CLE",0,1,1,443,578,270,221,0,266,234,105.5,87,221.5,289,135,110.5
"90",90,"PHI",2,1,1,0,466,653,204,117,"IND",1,1,0,498,535,179,166,1,233,326.5,102,58.5,249,267.5,89.5,83
"91",91,"PIT",2,0,1,1,787,523,192,304,"TB",2,0,0,819,773,155,134,1,393.5,261.5,96,152,409.5,386.5,77.5,67
"92",92,"SEA",2,0,2,0,524,529,138,232,"DAL",1,1,0,330,440,232,182,1,262,264.5,69,116,165,220,116,91
"93",93,"SF",2,1,1,0,467,591,280,214,"KC",2,0,0,582,876,233,156,0,233.5,295.5,140,107,291,438,116.5,78
"94",94,"TB",2,2,0,0,819,773,155,134,"PIT",0,1,1,787,523,192,304,0,409.5,386.5,77.5,67,393.5,261.5,96,152
"95",95,"TEN",2,1,1,0,411,540,216,268,"JAX",2,0,0,552,458,241,196,1,205.5,270,108,134,276,229,120.5,98
"96",96,"WAS",2,1,1,0,547,332,247,172,"GB",1,0,1,622,596,167,207,1,273.5,166,123.5,86,311,298,83.5,103.5
"97",97,"ARI",3,0,3,0,436,829,175,394,"SEA",1,2,0,716,697,251,398,0,145.333333333333,276.333333333333,58.3333333333333,131.333333333333,238.666666666667,232.333333333333,83.6666666666667,132.666666666667
"98",98,"ATL",3,1,2,0,897,863,292,377,"CIN",2,1,0,860,845,275,371,0,299,287.666666666667,97.3333333333333,125.666666666667,286.666666666667,281.666666666667,91.6666666666667,123.666666666667
"99",99,"BAL",3,2,1,0,913,555,260,311,"PIT",1,1,1,1140,934,270,367,1,304.333333333333,185,86.6666666666667,103.666666666667,380,311.333333333333,90,122.333333333333
"100",100,"BUF",3,1,2,0,539,812,295,240,"GB",1,1,1,887,816,267,373,0,179.666666666667,270.666666666667,98.3333333333333,80,295.666666666667,272,89,124.333333333333
"101",101,"CHI",3,2,1,0,591,760,347,196,"TB",2,1,0,1230,1126,218,212,1,197,253.333333333333,115.666666666667,65.3333333333333,410,375.333333333333,72.6666666666667,70.6666666666667
"102",102,"CIN",3,2,1,0,860,845,275,371,"ATL",1,2,0,897,863,292,377,1,286.666666666667,281.666666666667,91.6666666666667,123.666666666667,299,287.666666666667,97.3333333333333,125.666666666667
"103",103,"CLE",3,1,1,1,663,747,403,328,"LV",0,3,0,936,796,296,349,0,221,249,134.333333333333,109.333333333333,312,265.333333333333,98.6666666666667,116.333333333333
"104",104,"DAL",3,1,2,0,498,632,398,295,"DET",1,2,0,909,537,296,448,1,166,210.666666666667,132.666666666667,98.3333333333333,303,179,98.6666666666667,149.333333333333
"105",105,"DEN",3,2,1,0,743,863,434,233,"KC",3,0,0,896,1127,310,334,0,247.666666666667,287.666666666667,144.666666666667,77.6666666666667,298.666666666667,375.666666666667,103.333333333333,111.333333333333
"106",106,"DET",3,1,2,0,909,537,296,448,"DAL",1,2,0,498,632,398,295,0,303,179,98.6666666666667,149.333333333333,166,210.666666666667,132.666666666667,98.3333333333333
"107",107,"GB",3,1,1,1,887,816,267,373,"BUF",1,2,0,539,812,295,240,1,295.666666666667,272,89,124.333333333333,179.666666666667,270.666666666667,98.3333333333333,80
"108",108,"HOU",3,0,3,0,871,765,374,336,"IND",1,2,0,662,790,247,318,1,290.333333333333,255,124.666666666667,112,220.666666666667,263.333333333333,82.3333333333333,106
"109",109,"IND",3,1,2,0,662,790,247,318,"HOU",0,3,0,871,765,374,336,0,220.666666666667,263.333333333333,82.3333333333333,106,290.333333333333,255,124.666666666667,112
"110",110,"JAX",3,2,1,0,707,566,328,346,"NYJ",1,2,0,701,688,318,307,1,235.666666666667,188.666666666667,109.333333333333,115.333333333333,233.666666666667,229.333333333333,106,102.333333333333
"111",111,"KC",3,3,0,0,896,1127,310,334,"DEN",2,1,0,743,863,434,233,1,298.666666666667,375.666666666667,103.333333333333,111.333333333333,247.666666666667,287.666666666667,144.666666666667,77.6666666666667
"112",112,"LA",3,3,0,0,941,619,401,290,"MIN",1,1,1,965,738,198,316,1,313.666666666667,206.333333333333,133.666666666667,96.6666666666667,321.666666666667,246,66,105.333333333333
"113",113,"LAC",3,1,2,0,906,855,373,361,"SF",1,2,0,718,905,458,291,1,302,285,124.333333333333,120.333333333333,239.333333333333,301.666666666667,152.666666666667,97
"114",114,"LV",3,0,3,0,936,796,296,349,"CLE",1,1,1,663,747,403,328,1,312,265.333333333333,98.6666666666667,116.333333333333,221,249,134.333333333333,109.333333333333
"115",115,"MIA",3,3,0,0,739,899,296,267,"NE",1,2,0,644,814,293,430,0,246.333333333333,299.666666666667,98.6666666666667,89,214.666666666667,271.333333333333,97.6666666666667,143.333333333333
"116",116,"MIN",3,1,1,1,965,738,198,316,"LA",3,0,0,941,619,401,290,0,321.666666666667,246,66,105.333333333333,313.666666666667,206.333333333333,133.666666666667,96.6666666666667
"117",117,"NE",3,1,2,0,644,814,293,430,"MIA",3,0,0,739,899,296,267,1,214.666666666667,271.333333333333,97.6666666666667,143.333333333333,246.333333333333,299.666666666667,98.6666666666667,89
"118",118,"NO",3,2,1,0,1078,1037,248,253,"NYG",1,2,0,800,721,263,334,1,359.333333333333,345.666666666667,82.6666666666667,84.3333333333333,266.666666666667,240.333333333333,87.6666666666667,111.333333333333
"119",119,"NYG",3,1,2,0,800,721,263,334,"NO",2,1,0,1078,1037,248,253,0,266.666666666667,240.333333333333,87.6666666666667,111.333333333333,359.333333333333,345.666666666667,82.6666666666667,84.3333333333333
"120",120,"NYJ",3,1,2,0,701,688,318,307,"JAX",2,1,0,707,566,328,346,0,233.666666666667,229.333333333333,106,102.333333333333,235.666666666667,188.666666666667,109.333333333333,115.333333333333
"121",121,"PHI",3,2,1,0,721,817,356,185,"TEN",2,1,0,519,695,366,355,0,240.333333333333,272.333333333333,118.666666666667,61.6666666666667,173,231.666666666667,122,118.333333333333
"122",122,"PIT",3,1,1,1,1140,934,270,367,"BAL",2,1,0,913,555,260,311,0,380,311.333333333333,90,122.333333333333,304.333333333333,185,86.6666666666667,103.666666666667
"123",123,"SEA",3,1,2,0,716,697,251,398,"ARI",0,3,0,436,829,175,394,1,238.666666666667,232.333333333333,83.6666666666667,132.666666666667,145.333333333333,276.333333333333,58.3333333333333,131.333333333333
"124",124,"SF",3,1,2,0,718,905,458,291,"LAC",1,2,0,906,855,373,361,0,239.333333333333,301.666666666667,152.666666666667,97,302,285,124.333333333333,120.333333333333
"125",125,"TB",3,2,1,0,1230,1126,218,212,"CHI",2,1,0,591,760,347,196,0,410,375.333333333333,72.6666666666667,70.6666666666667,197,253.333333333333,115.666666666667,65.3333333333333
"126",126,"TEN",3,2,1,0,519,695,366,355,"PHI",2,1,0,721,817,356,185,1,173,231.666666666667,122,118.333333333333,240.333333333333,272.333333333333,118.666666666667,61.6666666666667
"127",127,"ARI",4,0,4,0,616,1001,267,565,"SF",1,3,0,1016,1155,534,417,1,154,250.25,66.75,141.25,254,288.75,133.5,104.25
"128",128,"ATL",4,1,3,0,1316,1200,384,476,"PIT",1,2,1,1414,1297,289,463,0,329,300,96,119,353.5,324.25,72.25,115.75
"129",129,"BAL",4,3,1,0,1276,829,356,330,"CLE",1,2,1,958,1184,611,467,0,319,207.25,89,82.5,239.5,296,152.75,116.75
"130",130,"BUF",4,1,3,0,690,1110,353,381,"TEN",3,1,0,863,1043,436,472,1,172.5,277.5,88.25,95.25,215.75,260.75,109,118
"131",131,"CAR",4,2,1,0,646,794,498,330,"NYG",1,3,0,1055,948,328,504,1,215.333333333333,264.666666666667,166,110,263.75,237,82,126
"132",132,"CIN",4,3,1,0,1197,1264,374,463,"MIA",3,1,0,874,1173,352,442,1,299.25,316,93.5,115.75,218.5,293.25,88,110.5
"133",133,"CLE",4,1,2,1,958,1184,611,467,"BAL",3,1,0,1276,829,356,330,1,239.5,296,152.75,116.75,319,207.25,89,82.5
"134",134,"DAL",4,2,2,0,753,939,581,391,"HOU",1,3,0,1246,1229,493,377,0,188.25,234.75,145.25,97.75,311.5,307.25,123.25,94.25
"135",135,"DEN",4,2,2,0,988,1167,593,375,"NYJ",1,3,0,868,1076,352,433,0,247,291.75,148.25,93.75,217,269,88,108.25
"136",136,"DET",4,1,3,0,1216,792,392,631,"GB",2,1,1,1185,967,408,431,1,304,198,98,157.75,296.25,241.75,102,107.75
"137",137,"GB",4,2,1,1,1185,967,408,431,"DET",1,3,0,1216,792,392,631,0,296.25,241.75,102,107.75,304,198,98,157.75
"138",138,"HOU",4,1,3,0,1246,1229,493,377,"DAL",2,2,0,753,939,581,391,1,311.5,307.25,123.25,94.25,188.25,234.75,145.25,97.75
"139",139,"IND",4,1,3,0,1126,1165,288,437,"NE",2,2,0,918,949,468,486,0,281.5,291.25,72,109.25,229.5,237.25,117,121.5
"140",140,"JAX",4,3,1,0,1095,733,454,380,"KC",4,0,0,1200,1372,452,493,0,273.75,183.25,113.5,95,300,343,113,123.25
"141",141,"KC",4,4,0,0,1200,1372,452,493,"JAX",3,1,0,1095,733,454,380,1,300,343,113,123.25,273.75,183.25,113.5,95
"142",142,"LA",4,4,0,0,1406,1041,501,344,"SEA",2,2,0,888,877,422,490,1,351.5,260.25,125.25,86,222,219.25,105.5,122.5
"143",143,"LAC",4,2,2,0,1156,1153,499,437,"LV",1,3,0,1373,1091,435,557,1,289,288.25,124.75,109.25,343.25,272.75,108.75,139.25
"144",144,"LV",4,1,3,0,1373,1091,435,557,"LAC",2,2,0,1156,1153,499,437,0,343.25,272.75,108.75,139.25,289,288.25,124.75,109.25
"145",145,"MIA",4,3,1,0,874,1173,352,442,"CIN",3,1,0,1197,1264,374,463,0,218.5,293.25,88,110.5,299.25,316,93.5,115.75
"146",146,"MIN",4,1,2,1,1387,1203,252,416,"PHI",2,2,0,1069,1161,473,255,1,346.75,300.75,63,104,267.25,290.25,118.25,63.75
"147",147,"NE",4,2,2,0,918,949,468,486,"IND",1,3,0,1126,1165,288,437,1,229.5,237.25,117,121.5,281.5,291.25,72,109.25
"148",148,"NO",4,3,1,0,1305,1292,418,318,"WAS",2,1,0,767,597,413,272,1,326.25,323,104.5,79.5,255.666666666667,199,137.666666666667,90.6666666666667
"149",149,"NYG",4,1,3,0,1055,948,328,504,"CAR",2,1,0,646,794,498,330,0,263.75,237,82,126,215.333333333333,264.666666666667,166,110
"150",150,"NYJ",4,1,3,0,868,1076,352,433,"DEN",2,2,0,988,1167,593,375,1,217,269,88,108.25,247,291.75,148.25,93.75
"151",151,"PHI",4,2,2,0,1069,1161,473,255,"MIN",1,2,1,1387,1203,252,416,0,267.25,290.25,118.25,63.75,346.75,300.75,63,104
"152",152,"PIT",4,1,2,1,1414,1297,289,463,"ATL",1,3,0,1316,1200,384,476,1,353.5,324.25,72.25,115.75,329,300,96,119
"153",153,"SEA",4,2,2,0,888,877,422,490,"LA",4,0,0,1406,1041,501,344,0,222,219.25,105.5,122.5,351.5,260.25,125.25,86
"154",154,"SF",4,1,3,0,1016,1155,534,417,"ARI",0,4,0,616,1001,267,565,0,254,288.75,133.5,104.25,154,250.25,66.75,141.25
"155",155,"TEN",4,3,1,0,863,1043,436,472,"BUF",1,3,0,690,1110,353,381,0,215.75,260.75,109,118,172.5,277.5,88.25,95.25
"156",156,"WAS",4,2,1,0,767,597,413,272,"NO",3,1,0,1305,1292,418,318,0,255.666666666667,199,137.666666666667,90.6666666666667,326.25,323,104.5,79.5
"157",157,"ARI",5,1,4,0,786,1350,323,712,"MIN",2,2,1,1688,1514,329,497,0,157.2,270,64.6,142.4,337.6,302.8,65.8,99.4
"158",158,"ATL",5,1,4,0,1621,1450,446,607,"TB",2,2,0,1501,1480,278,351,1,324.2,290,89.2,121.4,375.25,370,69.5,87.75
"159",159,"BAL",5,3,2,0,1574,1171,472,442,"TEN",3,2,0,992,1125,536,616,1,314.8,234.2,94.4,88.4,198.4,225,107.2,123.2
"160",160,"BUF",5,2,3,0,772,1239,497,481,"HOU",2,3,0,1621,1437,581,475,0,154.4,247.8,99.4,96.2,324.2,287.4,116.2,95
"161",161,"CAR",5,3,1,0,883,1177,616,380,"WAS",2,2,0,1042,960,452,370,0,220.75,294.25,154,95,260.5,240,113,92.5
"162",162,"CHI",5,3,1,0,945,1031,486,256,"MIA",3,2,0,1059,1421,480,545,0,236.25,257.75,121.5,64,211.8,284.2,96,109
"163",163,"CIN",5,4,1,0,1445,1449,477,591,"PIT",2,2,1,1664,1602,420,525,0,289,289.8,95.4,118.2,332.8,320.4,84,105
"164",164,"CLE",5,2,2,1,1300,1482,723,583,"LAC",3,2,0,1495,1421,578,478,0,260,296.4,144.6,116.6,299,284.2,115.6,95.6
"165",165,"DAL",5,2,3,0,961,1314,679,479,"JAX",3,2,0,1525,1046,555,506,1,192.2,262.8,135.8,95.8,305,209.2,111,101.2
"166",166,"DEN",5,2,3,0,1365,1365,685,698,"LA",5,0,0,1727,1239,656,534,0,273,273,137,139.6,345.4,247.8,131.2,106.8
"167",167,"GB",5,2,2,1,1627,1150,506,525,"SF",1,4,0,1365,1325,681,473,1,325.4,230,101.2,105,273,265,136.2,94.6
"168",168,"HOU",5,2,3,0,1621,1437,581,475,"BUF",2,3,0,772,1239,497,481,1,324.2,287.4,116.2,95,154.4,247.8,99.4,96.2
"169",169,"IND",5,1,4,0,1491,1506,372,534,"NYJ",2,3,0,1066,1453,675,525,0,298.2,301.2,74.4,106.8,213.2,290.6,135,105
"170",170,"JAX",5,3,2,0,1525,1046,555,506,"DAL",2,3,0,961,1314,679,479,0,305,209.2,111,101.2,192.2,262.8,135.8,95.8
"171",171,"KC",5,5,0,0,1513,1802,578,594,"NE",3,2,0,1259,1314,565,570,0,302.6,360.4,115.6,118.8,251.8,262.8,113,114
"172",172,"LA",5,5,0,0,1727,1239,656,534,"DEN",2,3,0,1365,1365,685,698,1,345.4,247.8,131.2,106.8,273,273,137,139.6
"173",173,"LAC",5,3,2,0,1495,1421,578,478,"CLE",2,2,1,1300,1482,723,583,1,299,284.2,115.6,95.6,260,296.4,144.6,116.6
"174",174,"LV",5,1,4,0,1641,1430,476,636,"SEA",2,3,0,1086,1198,612,645,0,328.2,286,95.2,127.2,217.2,239.6,122.4,129
"175",175,"MIA",5,3,2,0,1059,1421,480,545,"CHI",3,1,0,945,1031,486,256,1,211.8,284.2,96,109,236.25,257.75,121.5,64
"176",176,"MIN",5,2,2,1,1688,1514,329,497,"ARI",1,4,0,786,1350,323,712,1,337.6,302.8,65.8,99.4,157.2,270,64.6,142.4
"177",177,"NE",5,3,2,0,1259,1314,565,570,"KC",5,0,0,1513,1802,578,594,1,251.8,262.8,113,114,302.6,360.4,115.6,118.8
"178",178,"NYG",5,1,4,0,1438,1185,378,622,"PHI",2,3,0,1380,1462,554,332,0,287.6,237,75.6,124.4,276,292.4,110.8,66.4
"179",179,"NYJ",5,2,3,0,1066,1453,675,525,"IND",1,4,0,1491,1506,372,534,1,213.2,290.6,135,105,298.2,301.2,74.4,106.8
"180",180,"PHI",5,2,3,0,1380,1462,554,332,"NYG",1,4,0,1438,1185,378,622,1,276,292.4,110.8,66.4,287.6,237,75.6,124.4
"181",181,"PIT",5,2,2,1,1664,1602,420,525,"CIN",4,1,0,1445,1449,477,591,1,332.8,320.4,84,105,289,289.8,95.4,118.2
"182",182,"SEA",5,2,3,0,1086,1198,612,645,"LV",1,4,0,1641,1430,476,636,1,217.2,239.6,122.4,129,328.2,286,95.2,127.2
"183",183,"SF",5,1,4,0,1365,1325,681,473,"GB",2,2,1,1627,1150,506,525,0,273,265,136.2,94.6,325.4,230,101.2,105
"184",184,"TB",5,2,2,0,1501,1480,278,351,"ATL",1,4,0,1621,1450,446,607,0,375.25,370,69.5,87.75,324.2,290,89.2,121.4
"185",185,"TEN",5,3,2,0,992,1125,536,616,"BAL",3,2,0,1574,1171,472,442,0,198.4,225,107.2,123.2,314.8,234.2,94.4,88.4
"186",186,"WAS",5,2,2,0,1042,960,452,370,"CAR",3,1,0,883,1177,616,380,1,260.5,240,113,92.5,220.75,294.25,154,95
"187",187,"ARI",6,1,5,0,1026,1583,383,907,"DEN",2,4,0,1687,1566,745,968,0,171,263.833333333333,63.8333333333333,151.166666666667,281.166666666667,261,124.166666666667,161.333333333333
"188",188,"ATL",6,2,4,0,1976,1845,516,728,"NYG",1,5,0,1719,1463,525,730,1,329.333333333333,307.5,86,121.333333333333,286.5,243.833333333333,87.5,121.666666666667
"189",189,"BAL",6,4,2,0,1812,1288,595,497,"NO",4,1,0,1668,1567,516,357,0,302,214.666666666667,99.1666666666667,82.8333333333333,333.6,313.4,103.2,71.4
"190",190,"BUF",6,2,4,0,917,1416,597,555,"IND",1,5,0,1792,1786,499,641,0,152.833333333333,236,99.5,92.5,298.666666666667,297.666666666667,83.1666666666667,106.833333333333
"191",191,"CAR",6,3,2,0,1158,1340,697,512,"PHI",3,3,0,1658,1743,662,479,1,231.6,268,139.4,102.4,276.333333333333,290.5,110.333333333333,79.8333333333333
"192",192,"CHI",6,3,2,0,1261,1411,650,417,"NE",4,2,0,1599,1666,738,664,0,252.2,282.2,130,83.4,266.5,277.666666666667,123,110.666666666667
"193",193,"CIN",6,4,2,0,1674,1818,539,703,"KC",5,1,0,1865,2142,672,767,0,279,303,89.8333333333333,117.166666666667,310.833333333333,357,112,127.833333333333
"194",194,"CLE",6,2,3,1,1538,1697,826,829,"TB",2,3,0,1896,1835,399,421,0,256.333333333333,282.833333333333,137.666666666667,138.166666666667,379.2,367,79.8,84.2
"195",195,"DAL",6,3,3,0,1144,1463,885,544,"WAS",3,2,0,1205,1235,584,451,0,190.666666666667,243.833333333333,147.5,90.6666666666667,241,247,116.8,90.2
"196",196,"DEN",6,2,4,0,1687,1566,745,968,"ARI",1,5,0,1026,1583,383,907,1,281.166666666667,261,124.166666666667,161.333333333333,171,263.833333333333,63.8333333333333,151.166666666667
"197",197,"DET",6,2,3,0,1399,1234,486,729,"MIA",4,2,0,1439,1737,641,709,1,279.8,246.8,97.2,145.8,239.833333333333,289.5,106.833333333333,118.166666666667
"198",198,"HOU",6,3,3,0,1798,1582,655,575,"JAX",3,3,0,1674,1229,620,712,1,299.666666666667,263.666666666667,109.166666666667,95.8333333333333,279,204.833333333333,103.333333333333,118.666666666667
"199",199,"IND",6,1,5,0,1792,1786,499,641,"BUF",2,4,0,917,1416,597,555,1,298.666666666667,297.666666666667,83.1666666666667,106.833333333333,152.833333333333,236,99.5,92.5
"200",200,"JAX",6,3,3,0,1674,1229,620,712,"HOU",3,3,0,1798,1582,655,575,0,279,204.833333333333,103.333333333333,118.666666666667,299.666666666667,263.666666666667,109.166666666667,95.8333333333333
"201",201,"KC",6,5,1,0,1865,2142,672,767,"CIN",4,2,0,1674,1818,539,703,1,310.833333333333,357,112,127.833333333333,279,303,89.8333333333333,117.166666666667
"202",202,"LA",6,6,0,0,1928,1561,926,594,"SF",1,5,0,1610,1750,855,589,1,321.333333333333,260.166666666667,154.333333333333,99,268.333333333333,291.666666666667,142.5,98.1666666666667
"203",203,"LAC",6,4,2,0,1710,1659,824,581,"TEN",3,3,0,1109,1363,591,739,1,285,276.5,137.333333333333,96.8333333333333,184.833333333333,227.166666666667,98.5,123.166666666667
"204",204,"MIA",6,4,2,0,1439,1737,641,709,"DET",2,3,0,1399,1234,486,729,0,239.833333333333,289.5,106.833333333333,118.166666666667,279.8,246.8,97.2,145.8
"205",205,"MIN",6,3,2,1,1921,1754,524,557,"NYJ",3,3,0,1346,1754,782,652,1,320.166666666667,292.333333333333,87.3333333333333,92.8333333333333,224.333333333333,292.333333333333,130.333333333333,108.666666666667
"206",206,"NE",6,4,2,0,1599,1666,738,664,"CHI",3,2,0,1261,1411,650,417,1,266.5,277.666666666667,123,110.666666666667,252.2,282.2,130,83.4
"207",207,"NO",6,4,1,0,1668,1567,516,357,"BAL",4,2,0,1812,1288,595,497,1,333.6,313.4,103.2,71.4,302,214.666666666667,99.1666666666667,82.8333333333333
"208",208,"NYG",6,1,5,0,1719,1463,525,730,"ATL",2,4,0,1976,1845,516,728,0,286.5,243.833333333333,87.5,121.666666666667,329.333333333333,307.5,86,121.333333333333
"209",209,"NYJ",6,3,3,0,1346,1754,782,652,"MIN",3,2,1,1921,1754,524,557,0,224.333333333333,292.333333333333,130.333333333333,108.666666666667,320.166666666667,292.333333333333,87.3333333333333,92.8333333333333
"210",210,"PHI",6,3,3,0,1658,1743,662,479,"CAR",3,2,0,1158,1340,697,512,0,276.333333333333,290.5,110.333333333333,79.8333333333333,231.6,268,139.4,102.4
"211",211,"SF",6,1,5,0,1610,1750,855,589,"LA",6,0,0,1928,1561,926,594,0,268.333333333333,291.666666666667,142.5,98.1666666666667,321.333333333333,260.166666666667,154.333333333333,99
"212",212,"TB",6,2,3,0,1896,1835,399,421,"CLE",2,3,1,1538,1697,826,829,1,379.2,367,79.8,84.2,256.333333333333,282.833333333333,137.666666666667,138.166666666667
"213",213,"TEN",6,3,3,0,1109,1363,591,739,"LAC",4,2,0,1710,1659,824,581,0,184.833333333333,227.166666666667,98.5,123.166666666667,285,276.5,137.333333333333,96.8333333333333
"214",214,"WAS",6,3,2,0,1205,1235,584,451,"DAL",3,3,0,1144,1463,885,544,1,241,247,116.8,90.2,190.666666666667,243.833333333333,147.5,90.6666666666667
"215",215,"ARI",7,1,6,0,1220,1772,452,1038,"SF",1,6,0,1780,1952,962,735,1,174.285714285714,253.142857142857,64.5714285714286,148.285714285714,254.285714285714,278.857142857143,137.428571428571,105
"216",216,"BAL",7,4,3,0,2096,1500,672,631,"CAR",4,2,0,1427,1650,818,570,0,299.428571428571,214.285714285714,96,90.1428571428571,237.833333333333,275,136.333333333333,95
"217",217,"BUF",7,2,5,0,1092,1572,732,775,"NE",5,2,0,1876,1999,846,798,0,156,224.571428571429,104.571428571429,110.714285714286,268,285.571428571429,120.857142857143,114
"218",218,"CAR",7,4,2,0,1427,1650,818,570,"BAL",4,3,0,2096,1500,672,631,1,237.833333333333,275,136.333333333333,95,299.428571428571,214.285714285714,96,90.1428571428571
"219",219,"CHI",7,3,3,0,1594,1688,784,525,"NYJ",3,4,0,1552,1995,853,740,1,265.666666666667,281.333333333333,130.666666666667,87.5,221.714285714286,285,121.857142857143,105.714285714286
"220",220,"CIN",7,4,3,0,1861,2176,604,901,"TB",3,3,0,2261,2050,513,540,1,265.857142857143,310.857142857143,86.2857142857143,128.714285714286,376.833333333333,341.666666666667,85.5,90
"221",221,"CLE",7,2,4,1,1753,2062,945,943,"PIT",3,2,1,2033,1831,532,587,0,250.428571428571,294.571428571429,135,134.714285714286,338.833333333333,305.166666666667,88.6666666666667,97.8333333333333
"222",222,"DEN",7,3,4,0,1876,1760,876,1037,"KC",6,1,0,2223,2329,870,832,0,268,251.428571428571,125.142857142857,148.142857142857,317.571428571429,332.714285714286,124.285714285714,118.857142857143
"223",223,"DET",7,3,3,0,1616,1473,734,836,"SEA",3,3,0,1308,1340,767,724,0,269.333333333333,245.5,122.333333333333,139.333333333333,218,223.333333333333,127.833333333333,120.666666666667
"224",224,"GB",7,3,2,1,2052,1395,622,699,"LA",7,0,0,2130,1731,1072,701,0,342,232.5,103.666666666667,116.5,304.285714285714,247.285714285714,153.142857142857,100.142857142857
"225",225,"HOU",7,4,3,0,1937,1799,796,645,"MIA",4,3,0,1678,1954,748,957,1,276.714285714286,257,113.714285714286,92.1428571428571,239.714285714286,279.142857142857,106.857142857143,136.714285714286
"226",226,"IND",7,2,5,0,1948,1961,719,776,"LV",1,5,0,1783,1652,555,791,1,278.285714285714,280.142857142857,102.714285714286,110.857142857143,297.166666666667,275.333333333333,92.5,131.833333333333
"227",227,"JAX",7,3,4,0,1891,1368,690,853,"PHI",3,4,0,1968,2012,720,600,0,270.142857142857,195.428571428571,98.5714285714286,121.857142857143,281.142857142857,287.428571428571,102.857142857143,85.7142857142857
"228",228,"KC",7,6,1,0,2223,2329,870,832,"DEN",3,4,0,1876,1760,876,1037,1,317.571428571429,332.714285714286,124.285714285714,118.857142857143,268,251.428571428571,125.142857142857,148.142857142857
"229",229,"LA",7,7,0,0,2130,1731,1072,701,"GB",3,2,1,2052,1395,622,699,1,304.285714285714,247.285714285714,153.142857142857,100.142857142857,342,232.5,103.666666666667,116.5
"230",230,"LV",7,1,5,0,1783,1652,555,791,"IND",2,5,0,1948,1961,719,776,0,297.166666666667,275.333333333333,92.5,131.833333333333,278.285714285714,280.142857142857,102.714285714286,110.857142857143
"231",231,"MIA",7,4,3,0,1678,1954,748,957,"HOU",4,3,0,1937,1799,796,645,0,239.714285714286,279.142857142857,106.857142857143,136.714285714286,276.714285714286,257,113.714285714286,92.1428571428571
"232",232,"MIN",7,4,2,1,2162,1960,612,628,"NO",5,1,0,1880,1851,650,434,0,308.857142857143,280,87.4285714285714,89.7142857142857,313.333333333333,308.5,108.333333333333,72.3333333333333
"233",233,"NE",7,5,2,0,1876,1999,846,798,"BUF",2,5,0,1092,1572,732,775,1,268,285.571428571429,120.857142857143,114,156,224.571428571429,104.571428571429,110.714285714286
"234",234,"NO",7,5,1,0,1880,1851,650,434,"MIN",4,2,1,2162,1960,612,628,1,313.333333333333,308.5,108.333333333333,72.3333333333333,308.857142857143,280,87.4285714285714,89.7142857142857
"235",235,"NYG",7,1,6,0,2118,1842,586,797,"WAS",4,2,0,1383,1508,714,524,0,302.571428571429,263.142857142857,83.7142857142857,113.857142857143,230.5,251.333333333333,119,87.3333333333333
"236",236,"NYJ",7,3,4,0,1552,1995,853,740,"CHI",3,3,0,1594,1688,784,525,0,221.714285714286,285,121.857142857143,105.714285714286,265.666666666667,281.333333333333,130.666666666667,87.5
"237",237,"PHI",7,3,4,0,1968,2012,720,600,"JAX",3,4,0,1891,1368,690,853,1,281.142857142857,287.428571428571,102.857142857143,85.7142857142857,270.142857142857,195.428571428571,98.5714285714286,121.857142857143
"238",238,"PIT",7,3,2,1,2033,1831,532,587,"CLE",2,4,1,1753,2062,945,943,1,338.833333333333,305.166666666667,88.6666666666667,97.8333333333333,250.428571428571,294.571428571429,135,134.714285714286
"239",239,"SEA",7,3,3,0,1308,1340,767,724,"DET",3,3,0,1616,1473,734,836,1,218,223.333333333333,127.833333333333,120.666666666667,269.333333333333,245.5,122.333333333333,139.333333333333
"240",240,"SF",7,1,6,0,1780,1952,962,735,"ARI",1,6,0,1220,1772,452,1038,0,254.285714285714,278.857142857143,137.428571428571,105,174.285714285714,253.142857142857,64.5714285714286,148.285714285714
"241",241,"TB",7,3,3,0,2261,2050,513,540,"CIN",4,3,0,1861,2176,604,901,0,376.833333333333,341.666666666667,85.5,90,265.857142857143,310.857142857143,86.2857142857143,128.714285714286
"242",242,"WAS",7,4,2,0,1383,1508,714,524,"NYG",1,6,0,2118,1842,586,797,1,230.5,251.333333333333,119,87.3333333333333,302.571428571429,263.142857142857,83.7142857142857,113.857142857143
"243",243,"ATL",8,3,4,0,2355,2244,583,789,"WAS",5,2,0,1561,1824,896,561,1,336.428571428571,320.571428571429,83.2857142857143,112.714285714286,223,260.571428571429,128,80.1428571428571
"244",244,"BAL",8,4,4,0,2334,1732,773,785,"PIT",4,2,1,2290,2011,700,661,0,291.75,216.5,96.625,98.125,327.142857142857,287.285714285714,100,94.4285714285714
"245",245,"BUF",8,2,6,0,1405,1896,778,851,"CHI",4,3,0,1814,1841,963,582,0,175.625,237,97.25,106.375,259.142857142857,263,137.571428571429,83.1428571428571
"246",246,"CAR",8,5,2,0,1659,1888,972,671,"TB",3,4,0,2731,2330,639,678,1,237,269.714285714286,138.857142857143,95.8571428571429,390.142857142857,332.857142857143,91.2857142857143,96.8571428571429
"247",247,"CHI",8,4,3,0,1814,1841,963,582,"BUF",2,6,0,1405,1896,778,851,1,259.142857142857,263,137.571428571429,83.1428571428571,175.625,237,97.25,106.375
"248",248,"CLE",8,2,5,1,1933,2319,1019,1111,"KC",7,1,0,2526,2591,919,1021,0,241.625,289.875,127.375,138.875,315.75,323.875,114.875,127.625
"249",249,"DAL",8,3,4,0,1417,1641,958,674,"TEN",3,4,0,1346,1669,755,786,0,202.428571428571,234.428571428571,136.857142857143,96.2857142857143,192.285714285714,238.428571428571,107.857142857143,112.285714285714
"250",250,"DEN",8,3,5,0,2138,2063,1065,1086,"HOU",5,3,0,2176,2068,984,761,0,267.25,257.875,133.125,135.75,272,258.5,123,95.125
"251",251,"DET",8,3,4,0,1926,1721,768,1012,"MIN",4,3,1,2521,2124,694,734,0,275.142857142857,245.857142857143,109.714285714286,144.571428571429,315.125,265.5,86.75,91.75
"252",252,"GB",8,3,3,1,2338,1702,728,834,"NE",6,2,0,2200,2312,922,844,0,334,243.142857142857,104,119.142857142857,275,289,115.25,105.5
"253",253,"HOU",8,5,3,0,2176,2068,984,761,"DEN",3,5,0,2138,2063,1065,1086,1,272,258.5,123,95.125,267.25,257.875,133.125,135.75
"254",254,"KC",8,7,1,0,2526,2591,919,1021,"CLE",2,5,1,1933,2319,1019,1111,1,315.75,323.875,114.875,127.625,241.625,289.875,127.375,138.875
"255",255,"LA",8,8,0,0,2437,2017,1207,807,"NO",6,1,0,2044,2210,756,516,0,304.625,252.125,150.875,100.875,292,315.714285714286,108,73.7142857142857
"256",256,"LAC",8,5,2,0,2016,1896,871,745,"SEA",4,3,0,1556,1650,943,758,1,288,270.857142857143,124.428571428571,106.428571428571,222.285714285714,235.714285714286,134.714285714286,108.285714285714
"257",257,"LV",8,1,6,0,2027,1891,658,1013,"SF",1,7,0,1970,2204,1069,823,0,289.571428571429,270.142857142857,94,144.714285714286,246.25,275.5,133.625,102.875
"258",258,"MIA",8,4,4,0,1947,2193,864,1145,"NYJ",3,5,0,1705,2215,910,919,1,243.375,274.125,108,143.125,213.125,276.875,113.75,114.875
"259",259,"MIN",8,4,3,1,2521,2124,694,734,"DET",3,4,0,1926,1721,768,1012,1,315.125,265.5,86.75,91.75,275.142857142857,245.857142857143,109.714285714286,144.571428571429
"260",260,"NE",8,6,2,0,2200,2312,922,844,"GB",3,3,1,2338,1702,728,834,1,275,289,115.25,105.5,334,243.142857142857,104,119.142857142857
"261",261,"NO",8,6,1,0,2044,2210,756,516,"LA",8,0,0,2437,2017,1207,807,1,292,315.714285714286,108,73.7142857142857,304.625,252.125,150.875,100.875
"262",262,"NYJ",8,3,5,0,1705,2215,910,919,"MIA",4,4,0,1947,2193,864,1145,0,213.125,276.875,113.75,114.875,243.375,274.125,108,143.125
"263",263,"PIT",8,4,2,1,2290,2011,700,661,"BAL",4,4,0,2334,1732,773,785,1,327.142857142857,287.285714285714,100,94.4285714285714,291.75,216.5,96.625,98.125
"264",264,"SEA",8,4,3,0,1556,1650,943,758,"LAC",5,2,0,2016,1896,871,745,0,222.285714285714,235.714285714286,134.714285714286,108.285714285714,288,270.857142857143,124.428571428571,106.428571428571
"265",265,"SF",8,1,7,0,1970,2204,1069,823,"LV",1,6,0,2027,1891,658,1013,1,246.25,275.5,133.625,102.875,289.571428571429,270.142857142857,94,144.714285714286
"266",266,"TB",8,3,4,0,2731,2330,639,678,"CAR",5,2,0,1659,1888,972,671,0,390.142857142857,332.857142857143,91.2857142857143,96.8571428571429,237,269.714285714286,138.857142857143,95.8571428571429
"267",267,"TEN",8,3,4,0,1346,1669,755,786,"DAL",3,4,0,1417,1641,958,674,1,192.285714285714,238.428571428571,107.857142857143,112.285714285714,202.428571428571,234.428571428571,136.857142857143,96.2857142857143
"268",268,"WAS",8,5,2,0,1561,1824,896,561,"ATL",3,4,0,2355,2244,583,789,0,223,260.571428571429,128,80.1428571428571,336.428571428571,320.571428571429,83.2857142857143,112.714285714286
"269",269,"ARI",9,2,6,0,1472,1962,540,1145,"KC",8,1,0,2901,2899,1058,1123,0,184,245.25,67.5,143.125,322.333333333333,322.111111111111,117.555555555556,124.777777777778
"270",270,"ATL",9,4,4,0,2705,2550,737,868,"CLE",2,6,1,2241,2694,1121,1250,0,338.125,318.75,92.125,108.5,249,299.333333333333,124.555555555556,138.888888888889
"271",271,"BUF",9,2,7,0,1593,2031,876,915,"NYJ",3,6,0,1934,2354,990,983,1,177,225.666666666667,97.3333333333333,101.666666666667,214.888888888889,261.555555555556,110,109.222222222222
"272",272,"CAR",9,6,2,0,1906,2131,1151,753,"PIT",5,2,1,2582,2229,813,722,0,238.25,266.375,143.875,94.125,322.75,278.625,101.625,90.25
"273",273,"CHI",9,5,3,0,1949,2029,1027,680,"DET",3,5,0,2125,1885,834,1140,1,243.625,253.625,128.375,85,265.625,235.625,104.25,142.5
"274",274,"CIN",9,5,3,0,2141,2646,742,1027,"NO",7,1,0,2390,2601,897,608,0,267.625,330.75,92.75,128.375,298.75,325.125,112.125,76
"275",275,"CLE",9,2,6,1,2241,2694,1121,1250,"ATL",4,4,0,2705,2550,737,868,1,249,299.333333333333,124.555555555556,138.888888888889,338.125,318.75,92.125,108.5
"276",276,"DAL",9,3,5,0,1660,1881,1030,799,"PHI",4,4,0,2254,2298,853,670,1,207.5,235.125,128.75,99.875,281.75,287.25,106.625,83.75
"277",277,"DET",9,3,5,0,2125,1885,834,1140,"CHI",5,3,0,1949,2029,1027,680,0,265.625,235.625,104.25,142.5,243.625,253.625,128.375,85
"278",278,"GB",9,3,4,1,2597,2033,845,957,"MIA",5,4,0,2086,2422,928,1225,1,324.625,254.125,105.625,119.625,231.777777777778,269.111111111111,103.111111111111,136.111111111111
"279",279,"IND",9,3,5,0,2187,2205,941,879,"JAX",3,5,0,2177,1654,760,986,1,273.375,275.625,117.625,109.875,272.125,206.75,95,123.25
"280",280,"JAX",9,3,5,0,2177,1654,760,986,"IND",3,5,0,2187,2205,941,879,0,272.125,206.75,95,123.25,273.375,275.625,117.625,109.875
"281",281,"KC",9,8,1,0,2901,2899,1058,1123,"ARI",2,6,0,1472,1962,540,1145,1,322.333333333333,322.111111111111,117.555555555556,124.777777777778,184,245.25,67.5,143.125
"282",282,"LA",9,8,1,0,2828,2363,1299,948,"SEA",4,4,0,1791,1878,1097,918,1,314.222222222222,262.555555555556,144.333333333333,105.333333333333,223.875,234.75,137.125,114.75
"283",283,"LAC",9,6,2,0,2244,2131,1031,899,"LV",1,7,0,2206,2153,760,1156,1,280.5,266.375,128.875,112.375,275.75,269.125,95,144.5
"284",284,"LV",9,1,7,0,2206,2153,760,1156,"LAC",6,2,0,2244,2131,1031,899,0,275.75,269.125,95,144.5,280.5,266.375,128.875,112.375
"285",285,"MIA",9,5,4,0,2086,2422,928,1225,"GB",3,4,1,2597,2033,845,957,0,231.777777777778,269.111111111111,103.111111111111,136.111111111111,324.625,254.125,105.625,119.625
"286",286,"NE",9,7,2,0,2531,2571,1045,961,"TEN",4,4,0,1586,1912,880,858,0,281.222222222222,285.666666666667,116.111111111111,106.777777777778,198.25,239,110,107.25
"287",287,"NO",9,7,1,0,2390,2601,897,608,"CIN",5,3,0,2141,2646,742,1027,1,298.75,325.125,112.125,76,267.625,330.75,92.75,128.375
"288",288,"NYG",9,1,7,0,2434,2020,623,979,"SF",2,7,0,2232,2383,1212,925,1,304.25,252.5,77.875,122.375,248,264.777777777778,134.666666666667,102.777777777778
"289",289,"NYJ",9,3,6,0,1934,2354,990,983,"BUF",2,7,0,1593,2031,876,915,0,214.888888888889,261.555555555556,110,109.222222222222,177,225.666666666667,97.3333333333333,101.666666666667
"290",290,"PHI",9,4,4,0,2254,2298,853,670,"DAL",3,5,0,1660,1881,1030,799,0,281.75,287.25,106.625,83.75,207.5,235.125,128.75,99.875
"291",291,"PIT",9,5,2,1,2582,2229,813,722,"CAR",6,2,0,1906,2131,1151,753,1,322.75,278.625,101.625,90.25,238.25,266.375,143.875,94.125
"292",292,"SEA",9,4,4,0,1791,1878,1097,918,"LA",8,1,0,2828,2363,1299,948,0,223.875,234.75,137.125,114.75,314.222222222222,262.555555555556,144.333333333333,105.333333333333
"293",293,"SF",9,2,7,0,2232,2383,1212,925,"NYG",1,7,0,2434,2020,623,979,0,248,264.777777777778,134.666666666667,102.777777777778,304.25,252.5,77.875,122.375
"294",294,"TB",9,3,5,0,2974,2577,721,857,"WAS",5,3,0,1867,2174,975,715,0,371.75,322.125,90.125,107.125,233.375,271.75,121.875,89.375
"295",295,"TEN",9,4,4,0,1586,1912,880,858,"NE",7,2,0,2531,2571,1045,961,1,198.25,239,110,107.25,281.222222222222,285.666666666667,116.111111111111,106.777777777778
"296",296,"WAS",9,5,3,0,1867,2174,975,715,"TB",3,5,0,2974,2577,721,857,1,233.375,271.75,121.875,89.375,371.75,322.125,90.125,107.125
"297",297,"ARI",10,2,7,0,1680,2211,634,1263,"LV",1,8,0,2449,2376,874,1269,0,186.666666666667,245.666666666667,70.4444444444444,140.333333333333,272.111111111111,264,97.1111111111111,141
"298",298,"ATL",10,4,5,0,3035,2766,808,1079,"DAL",4,5,0,1930,2241,1201,870,0,337.222222222222,307.333333333333,89.7777777777778,119.888888888889,214.444444444444,249,133.444444444444,96.6666666666667
"299",299,"BAL",10,4,5,0,2552,2024,834,898,"CIN",5,4,0,2339,2911,852,1271,1,283.555555555556,224.888888888889,92.6666666666667,99.7777777777778,259.888888888889,323.444444444444,94.6666666666667,141.222222222222
"300",300,"CAR",10,6,3,0,2099,2456,1246,891,"DET",3,6,0,2399,2240,910,1194,0,233.222222222222,272.888888888889,138.444444444444,99,266.555555555556,248.888888888889,101.111111111111,132.666666666667
"301",301,"CHI",10,6,3,0,2304,2303,1081,756,"MIN",5,3,1,2685,2323,822,800,1,256,255.888888888889,120.111111111111,84,298.333333333333,258.111111111111,91.3333333333333,88.8888888888889
"302",302,"CIN",10,5,4,0,2339,2911,852,1271,"BAL",4,5,0,2552,2024,834,898,0,259.888888888889,323.444444444444,94.6666666666667,141.222222222222,283.555555555556,224.888888888889,92.6666666666667,99.7777777777778
"303",303,"DAL",10,4,5,0,1930,2241,1201,870,"ATL",4,5,0,3035,2766,808,1079,1,214.444444444444,249,133.444444444444,96.6666666666667,337.222222222222,307.333333333333,89.7777777777778,119.888888888889
"304",304,"DEN",10,3,6,0,2428,2276,1140,1184,"LAC",7,2,0,2467,2374,1144,1013,1,269.777777777778,252.888888888889,126.666666666667,131.555555555556,274.111111111111,263.777777777778,127.111111111111,112.555555555556
"305",305,"DET",10,3,6,0,2399,2240,910,1194,"CAR",6,3,0,2099,2456,1246,891,1,266.555555555556,248.888888888889,101.111111111111,132.666666666667,233.222222222222,272.888888888889,138.444444444444,99
"306",306,"GB",10,4,4,1,2796,2246,1040,1088,"SEA",4,5,0,1967,2196,1370,1067,0,310.666666666667,249.555555555556,115.555555555556,120.888888888889,218.555555555556,244,152.222222222222,118.555555555556
"307",307,"HOU",10,6,3,0,2389,2358,1082,836,"WAS",6,3,0,2045,2580,1091,818,1,265.444444444444,262,120.222222222222,92.8888888888889,227.222222222222,286.666666666667,121.222222222222,90.8888888888889
"308",308,"IND",10,4,5,0,2472,2529,1022,970,"TEN",5,4,0,1835,2179,1030,898,1,274.666666666667,281,113.555555555556,107.777777777778,203.888888888889,242.111111111111,114.444444444444,99.7777777777778
"309",309,"JAX",10,3,6,0,2501,1939,851,1067,"PIT",6,2,1,2907,2422,951,817,0,277.888888888889,215.444444444444,94.5555555555556,118.555555555556,323,269.111111111111,105.666666666667,90.7777777777778
"310",310,"KC",10,9,1,0,3150,3107,1176,1217,"LA",9,1,0,3146,2539,1448,1221,0,315,310.7,117.6,121.7,314.6,253.9,144.8,122.1
"311",311,"LA",10,9,1,0,3146,2539,1448,1221,"KC",9,1,0,3150,3107,1176,1217,1,314.6,253.9,144.8,122.1,315,310.7,117.6,121.7
"312",312,"LAC",10,7,2,0,2467,2374,1144,1013,"DEN",3,6,0,2428,2276,1140,1184,0,274.111111111111,263.777777777778,127.111111111111,112.555555555556,269.777777777778,252.888888888889,126.666666666667,131.555555555556
"313",313,"LV",10,1,8,0,2449,2376,874,1269,"ARI",2,7,0,1680,2211,634,1263,1,272.111111111111,264,97.1111111111111,141,186.666666666667,245.666666666667,70.4444444444444,140.333333333333
"314",314,"MIN",10,5,3,1,2685,2323,822,800,"CHI",6,3,0,2304,2303,1081,756,0,298.333333333333,258.111111111111,91.3333333333333,88.8888888888889,256,255.888888888889,120.111111111111,84
"315",315,"NO",10,8,1,0,2655,2799,1141,718,"PHI",4,5,0,2614,2568,924,841,1,295,311,126.777777777778,79.7777777777778,290.444444444444,285.333333333333,102.666666666667,93.4444444444444
"316",316,"NYG",10,2,7,0,2622,2270,720,1103,"TB",3,6,0,3380,2755,824,973,1,291.333333333333,252.222222222222,80,122.555555555556,375.555555555556,306.111111111111,91.5555555555556,108.111111111111
"317",317,"PHI",10,4,5,0,2614,2568,924,841,"NO",8,1,0,2655,2799,1141,718,0,290.444444444444,285.333333333333,102.666666666667,93.4444444444444,295,311,126.777777777778,79.7777777777778
"318",318,"PIT",10,6,2,1,2907,2422,951,817,"JAX",3,6,0,2501,1939,851,1067,1,323,269.111111111111,105.666666666667,90.7777777777778,277.888888888889,215.444444444444,94.5555555555556,118.555555555556
"319",319,"SEA",10,4,5,0,1967,2196,1370,1067,"GB",4,4,1,2796,2246,1040,1088,1,218.555555555556,244,152.222222222222,118.555555555556,310.666666666667,249.555555555556,115.555555555556,120.888888888889
"320",320,"TB",10,3,6,0,3380,2755,824,973,"NYG",2,7,0,2622,2270,720,1103,0,375.555555555556,306.111111111111,91.5555555555556,108.111111111111,291.333333333333,252.222222222222,80,122.555555555556
"321",321,"TEN",10,5,4,0,1835,2179,1030,898,"IND",4,5,0,2472,2529,1022,970,0,203.888888888889,242.111111111111,114.444444444444,99.7777777777778,274.666666666667,281,113.555555555556,107.777777777778
"322",322,"WAS",10,6,3,0,2045,2580,1091,818,"HOU",6,3,0,2389,2358,1082,836,0,227.222222222222,286.666666666667,121.222222222222,90.8888888888889,265.444444444444,262,120.222222222222,92.8888888888889
"323",323,"ARI",11,2,8,0,1816,2403,788,1415,"LAC",7,3,0,2868,2591,1239,1121,0,181.6,240.3,78.8,141.5,286.8,259.1,123.9,112.1
"324",324,"ATL",11,4,6,0,3326,2974,888,1211,"NO",9,1,0,3028,2955,1314,776,0,332.6,297.4,88.8,121.1,302.8,295.5,131.4,77.6
"325",325,"BAL",11,5,5,0,2702,2235,1096,946,"LV",2,8,0,2641,2512,1026,1423,1,270.2,223.5,109.6,94.6,264.1,251.2,102.6,142.3
"326",326,"BUF",11,3,7,0,1840,2166,1088,998,"JAX",3,7,0,2605,2253,1030,1093,1,184,216.6,108.8,99.8,260.5,225.3,103,109.3
"327",327,"CAR",11,6,4,0,2456,2676,1302,985,"SEA",5,5,0,2192,2528,1543,1115,0,245.6,267.6,130.2,98.5,219.2,252.8,154.3,111.5
"328",328,"CHI",11,7,3,0,2469,2565,1229,778,"DET",4,6,0,2619,2597,1004,1250,1,246.9,256.5,122.9,77.8,261.9,259.7,100.4,125
"329",329,"CIN",11,5,5,0,2550,3061,900,1533,"CLE",3,6,1,2457,3024,1332,1321,0,255,306.1,90,153.3,245.7,302.4,133.2,132.1
"330",330,"CLE",11,3,6,1,2457,3024,1332,1321,"CIN",5,5,0,2550,3061,900,1533,1,245.7,302.4,133.2,132.1,255,306.1,90,153.3
"331",331,"DAL",11,5,5,0,2138,2532,1333,950,"WAS",6,4,0,2234,2788,1215,957,1,213.8,253.2,133.3,95,223.4,278.8,121.5,95.7
"332",332,"DEN",11,4,6,0,2645,2677,1248,1279,"PIT",7,2,1,3221,2526,977,996,1,264.5,267.7,124.8,127.9,322.1,252.6,97.7,99.6
"333",333,"DET",11,4,6,0,2619,2597,1004,1250,"CHI",7,3,0,2469,2565,1229,778,0,261.9,259.7,100.4,125,246.9,256.5,122.9,77.8
"334",334,"GB",11,4,5,1,3128,2471,1088,1261,"MIN",5,4,1,2947,2488,844,948,0,312.8,247.1,108.8,126.1,294.7,248.8,84.4,94.8
"335",335,"HOU",11,7,3,0,2597,2547,1221,960,"TEN",5,5,0,2038,2474,1117,1000,1,259.7,254.7,122.1,96,203.8,247.4,111.7,100
"336",336,"IND",11,5,5,0,2767,2732,1124,1057,"MIA",5,5,0,2299,2621,1059,1420,1,276.7,273.2,112.4,105.7,229.9,262.1,105.9,142
"337",337,"JAX",11,3,7,0,2605,2253,1030,1093,"BUF",3,7,0,1840,2166,1088,998,0,260.5,225.3,103,109.3,184,216.6,108.8,99.8
"338",338,"LAC",11,7,3,0,2868,2591,1239,1121,"ARI",2,8,0,1816,2403,788,1415,1,286.8,259.1,123.9,112.1,181.6,240.3,78.8,141.5
"339",339,"LV",11,2,8,0,2641,2512,1026,1423,"BAL",5,5,0,2702,2235,1096,946,0,264.1,251.2,102.6,142.3,270.2,223.5,109.6,94.6
"340",340,"MIA",11,5,5,0,2299,2621,1059,1420,"IND",5,5,0,2767,2732,1124,1057,0,229.9,262.1,105.9,142,276.7,273.2,112.4,105.7
"341",341,"MIN",11,5,4,1,2947,2488,844,948,"GB",4,5,1,3128,2471,1088,1261,1,294.7,248.8,84.4,94.8,312.8,247.1,108.8,126.1
"342",342,"NE",11,7,3,0,2798,2820,1085,1111,"NYJ",3,7,0,2069,2601,1073,1195,1,279.8,282,108.5,111.1,206.9,260.1,107.3,119.5
"343",343,"NO",11,9,1,0,3028,2955,1314,776,"ATL",4,6,0,3326,2974,888,1211,1,302.8,295.5,131.4,77.6,332.6,297.4,88.8,121.1
"344",344,"NYG",11,3,7,0,2853,2636,883,1254,"PHI",4,6,0,2770,2941,982,1014,0,285.3,263.6,88.3,125.4,277,294.1,98.2,101.4
"345",345,"NYJ",11,3,7,0,2069,2601,1073,1195,"NE",7,3,0,2798,2820,1085,1111,0,206.9,260.1,107.3,119.5,279.8,282,108.5,111.1
"346",346,"PHI",11,4,6,0,2770,2941,982,1014,"NYG",3,7,0,2853,2636,883,1254,1,277,294.1,98.2,101.4,285.3,263.6,88.3,125.4
"347",347,"PIT",11,7,2,1,3221,2526,977,996,"DEN",4,6,0,2645,2677,1248,1279,0,322.1,252.6,97.7,99.6,264.5,267.7,124.8,127.9
"348",348,"SEA",11,5,5,0,2192,2528,1543,1115,"CAR",6,4,0,2456,2676,1302,985,1,219.2,252.8,154.3,111.5,245.6,267.6,130.2,98.5
"349",349,"SF",11,2,8,0,2482,2571,1336,1022,"TB",3,7,0,3746,2986,975,1136,0,248.2,257.1,133.6,102.2,374.6,298.6,97.5,113.6
"350",350,"TB",11,3,7,0,3746,2986,975,1136,"SF",2,8,0,2482,2571,1336,1022,1,374.6,298.6,97.5,113.6,248.2,257.1,133.6,102.2
"351",351,"TEN",11,5,5,0,2038,2474,1117,1000,"HOU",7,3,0,2597,2547,1221,960,0,203.8,247.4,111.7,100,259.7,254.7,122.1,96
"352",352,"WAS",11,6,4,0,2234,2788,1215,957,"DAL",5,5,0,2138,2532,1333,950,0,223.4,278.8,121.5,95.7,213.8,253.2,133.3,95
"353",353,"ARI",12,2,9,0,1921,2662,850,1593,"GB",4,6,1,3326,2813,1170,1352,1,174.636363636364,242,77.2727272727273,144.818181818182,302.363636363636,255.727272727273,106.363636363636,122.909090909091
"354",354,"ATL",12,4,7,0,3703,3145,914,1361,"BAL",6,5,0,2880,2429,1338,1013,0,336.636363636364,285.909090909091,83.0909090909091,123.727272727273,261.818181818182,220.818181818182,121.636363636364,92.0909090909091
"355",355,"BAL",12,6,5,0,2880,2429,1338,1013,"ATL",4,7,0,3703,3145,914,1361,1,261.818181818182,220.818181818182,121.636363636364,92.0909090909091,336.636363636364,285.909090909091,83.0909090909091,123.727272727273
"356",356,"BUF",12,4,7,0,2000,2293,1255,1224,"MIA",5,6,0,2503,2968,1172,1538,0,181.818181818182,208.454545454545,114.090909090909,111.272727272727,227.545454545455,269.818181818182,106.545454545455,139.818181818182
"357",357,"CAR",12,6,5,0,2712,3015,1522,1060,"TB",4,7,0,4058,3207,1083,1284,0,246.545454545455,274.090909090909,138.363636363636,96.3636363636364,368.909090909091,291.545454545455,98.4545454545455,116.727272727273
"358",358,"CHI",12,8,3,0,2707,2801,1267,889,"NYG",3,8,0,3150,2872,1009,1381,0,246.090909090909,254.636363636364,115.181818181818,80.8181818181818,286.363636363636,261.090909090909,91.7272727272727,125.545454545455
"359",359,"CIN",12,5,6,0,2805,3319,1029,1617,"DEN",5,6,0,2842,3141,1372,1354,0,255,301.727272727273,93.5454545454545,147,258.363636363636,285.545454545455,124.727272727273,123.090909090909
"360",360,"CLE",12,4,6,1,2715,3279,1416,1450,"HOU",8,3,0,2807,2850,1502,1065,0,246.818181818182,298.090909090909,128.727272727273,131.818181818182,255.181818181818,259.090909090909,136.545454545455,96.8181818181818
"361",361,"DAL",12,6,5,0,2427,2800,1479,1030,"NO",10,1,0,3199,3332,1464,802,1,220.636363636364,254.545454545455,134.454545454545,93.6363636363636,290.818181818182,302.909090909091,133.090909090909,72.9090909090909
"362",362,"DEN",12,5,6,0,2842,3141,1372,1354,"CIN",5,6,0,2805,3319,1029,1617,1,258.363636363636,285.545454545455,124.727272727273,123.090909090909,255,301.727272727273,93.5454545454545,147
"363",363,"DET",12,4,7,0,2855,2835,1115,1288,"LA",10,1,0,3559,3017,1524,1319,0,259.545454545455,257.727272727273,101.363636363636,117.090909090909,323.545454545455,274.272727272727,138.545454545455,119.909090909091
"364",364,"GB",12,4,6,1,3326,2813,1170,1352,"ARI",2,9,0,1921,2662,850,1593,0,302.363636363636,255.727272727273,106.363636363636,122.909090909091,174.636363636364,242,77.2727272727273,144.818181818182
"365",365,"HOU",12,8,3,0,2807,2850,1502,1065,"CLE",4,6,1,2715,3279,1416,1450,1,255.181818181818,259.090909090909,136.545454545455,96.8181818181818,246.818181818182,298.090909090909,128.727272727273,131.818181818182
"366",366,"IND",12,6,5,0,3114,2936,1242,1170,"JAX",3,8,0,2732,2413,1256,1260,0,283.090909090909,266.909090909091,112.909090909091,106.363636363636,248.363636363636,219.363636363636,114.181818181818,114.545454545455
"367",367,"JAX",12,3,8,0,2732,2413,1256,1260,"IND",6,5,0,3114,2936,1242,1170,1,248.363636363636,219.363636363636,114.181818181818,114.545454545455,283.090909090909,266.909090909091,112.909090909091,106.363636363636
"368",368,"KC",12,9,2,0,3628,3520,1274,1293,"LV",2,9,0,2835,2690,1093,1665,1,329.818181818182,320,115.818181818182,117.545454545455,257.727272727273,244.545454545455,99.3636363636364,151.363636363636
"369",369,"LA",12,10,1,0,3559,3017,1524,1319,"DET",4,7,0,2855,2835,1115,1288,1,323.545454545455,274.272727272727,138.545454545455,119.909090909091,259.545454545455,257.727272727273,101.363636363636,117.090909090909
"370",370,"LAC",12,8,3,0,3127,2696,1417,1183,"PIT",7,3,1,3685,2723,1052,1120,1,284.272727272727,245.090909090909,128.818181818182,107.545454545455,335,247.545454545455,95.6363636363636,101.818181818182
"371",371,"LV",12,2,9,0,2835,2690,1093,1665,"KC",9,2,0,3628,3520,1274,1293,0,257.727272727273,244.545454545455,99.3636363636364,151.363636363636,329.818181818182,320,115.818181818182,117.545454545455
"372",372,"MIA",12,5,6,0,2503,2968,1172,1538,"BUF",4,7,0,2000,2293,1255,1224,1,227.545454545455,269.818181818182,106.545454545455,139.818181818182,181.818181818182,208.454545454545,114.090909090909,111.272727272727
"373",373,"MIN",12,6,4,1,3289,2686,935,1030,"NE",8,3,0,3081,3096,1300,1185,0,299,244.181818181818,85,93.6363636363636,280.090909090909,281.454545454545,118.181818181818,107.727272727273
"374",374,"NE",12,8,3,0,3081,3096,1300,1185,"MIN",6,4,1,3289,2686,935,1030,1,280.090909090909,281.454545454545,118.181818181818,107.727272727273,299,244.181818181818,85,93.6363636363636
"375",375,"NO",12,10,1,0,3199,3332,1464,802,"DAL",6,5,0,2427,2800,1479,1030,0,290.818181818182,302.909090909091,133.090909090909,72.9090909090909,220.636363636364,254.545454545455,134.454545454545,93.6363636363636
"376",376,"NYG",12,3,8,0,3150,2872,1009,1381,"CHI",8,3,0,2707,2801,1267,889,1,286.363636363636,261.090909090909,91.7272727272727,125.545454545455,246.090909090909,254.636363636364,115.181818181818,80.8181818181818
"377",377,"NYJ",12,3,8,0,2345,2884,1147,1410,"TEN",5,6,0,2341,2684,1222,1281,0,213.181818181818,262.181818181818,104.272727272727,128.181818181818,212.818181818182,244,111.090909090909,116.454545454545
"378",378,"PHI",12,5,6,0,3006,3238,1109,1140,"WAS",6,5,0,2502,3077,1295,1103,1,273.272727272727,294.363636363636,100.818181818182,103.636363636364,227.454545454545,279.727272727273,117.727272727273,100.272727272727
"379",379,"PIT",12,7,3,1,3685,2723,1052,1120,"LAC",8,3,0,3127,2696,1417,1183,0,335,247.545454545455,95.6363636363636,101.818181818182,284.272727272727,245.090909090909,128.818181818182,107.545454545455
"380",380,"SEA",12,6,5,0,2531,2784,1618,1335,"SF",2,9,0,2703,2883,1484,1130,1,230.090909090909,253.090909090909,147.090909090909,121.363636363636,245.727272727273,262.090909090909,134.909090909091,102.727272727273
"381",381,"SF",12,2,9,0,2703,2883,1484,1130,"SEA",6,5,0,2531,2784,1618,1335,0,245.727272727273,262.090909090909,134.909090909091,102.727272727273,230.090909090909,253.090909090909,147.090909090909,121.363636363636
"382",382,"TB",12,4,7,0,4058,3207,1083,1284,"CAR",6,5,0,2712,3015,1522,1060,1,368.909090909091,291.545454545455,98.4545454545455,116.727272727273,246.545454545455,274.090909090909,138.363636363636,96.3636363636364
"383",383,"TEN",12,5,6,0,2341,2684,1222,1281,"NYJ",3,8,0,2345,2884,1147,1410,1,212.818181818182,244,111.090909090909,116.454545454545,213.181818181818,262.181818181818,104.272727272727,128.181818181818
"384",384,"WAS",12,6,5,0,2502,3077,1295,1103,"PHI",5,6,0,3006,3238,1109,1140,0,227.454545454545,279.727272727273,117.727272727273,100.272727272727,273.272727272727,294.363636363636,100.818181818182,103.636363636364
"385",385,"ARI",13,3,9,0,2070,2895,1032,1691,"DET",4,8,0,3100,3042,1217,1437,0,172.5,241.25,86,140.916666666667,258.333333333333,253.5,101.416666666667,119.75
"386",386,"ATL",13,4,8,0,3834,3312,948,1568,"GB",4,7,1,3559,2962,1268,1534,0,319.5,276,79,130.666666666667,296.583333333333,246.833333333333,105.666666666667,127.833333333333
"387",387,"BAL",13,7,5,0,3047,2560,1545,1047,"KC",10,2,0,3923,3805,1448,1464,0,253.916666666667,213.333333333333,128.75,87.25,326.916666666667,317.083333333333,120.666666666667,122
"388",388,"BUF",13,4,8,0,2231,2430,1453,1284,"NYJ",3,9,0,2473,3166,1303,1540,0,185.916666666667,202.5,121.083333333333,107,206.083333333333,263.833333333333,108.583333333333,128.333333333333
"389",389,"CAR",13,6,6,0,3012,3264,1690,1155,"CLE",4,7,1,3112,3503,1447,1637,0,251,272,140.833333333333,96.25,259.333333333333,291.916666666667,120.583333333333,136.416666666667
"390",390,"CHI",13,8,4,0,2993,3020,1385,1030,"LA",11,1,0,3766,3262,1673,1421,1,249.416666666667,251.666666666667,115.416666666667,85.8333333333333,313.833333333333,271.833333333333,139.416666666667,118.416666666667
"391",391,"CIN",13,5,7,0,3041,3470,1140,1835,"LAC",9,3,0,3426,2977,1502,1248,0,253.416666666667,289.166666666667,95,152.916666666667,285.5,248.083333333333,125.166666666667,104
"392",392,"CLE",13,4,7,1,3112,3503,1447,1637,"CAR",6,6,0,3012,3264,1690,1155,1,259.333333333333,291.916666666667,120.583333333333,136.416666666667,251,272,140.833333333333,96.25
"393",393,"DAL",13,7,5,0,2676,2927,1578,1095,"PHI",6,6,0,3312,3388,1239,1244,1,223,243.916666666667,131.5,91.25,276,282.333333333333,103.25,103.666666666667
"394",394,"DEN",13,6,6,0,2993,3377,1590,1465,"SF",2,10,0,3117,3068,1550,1298,0,249.416666666667,281.416666666667,132.5,122.083333333333,259.75,255.666666666667,129.166666666667,108.166666666667
"395",395,"DET",13,4,8,0,3100,3042,1217,1437,"ARI",3,9,0,2070,2895,1032,1691,1,258.333333333333,253.5,101.416666666667,119.75,172.5,241.25,86,140.916666666667
"396",396,"GB",13,4,7,1,3559,2962,1268,1534,"ATL",4,8,0,3834,3312,948,1568,1,296.583333333333,246.833333333333,105.666666666667,127.833333333333,319.5,276,79,130.666666666667
"397",397,"HOU",13,9,3,0,3031,3247,1689,1096,"IND",6,6,0,3362,3086,1283,1249,0,252.583333333333,270.583333333333,140.75,91.3333333333333,280.166666666667,257.166666666667,106.916666666667,104.083333333333
"398",398,"IND",13,6,6,0,3362,3086,1283,1249,"HOU",9,3,0,3031,3247,1689,1096,1,280.166666666667,257.166666666667,106.916666666667,104.083333333333,252.583333333333,270.583333333333,140.75,91.3333333333333
"399",399,"JAX",13,4,8,0,2882,2661,1335,1301,"TEN",6,6,0,2623,2812,1352,1437,0,240.166666666667,221.75,111.25,108.416666666667,218.583333333333,234.333333333333,112.666666666667,119.75
"400",400,"KC",13,10,2,0,3923,3805,1448,1464,"BAL",7,5,0,3047,2560,1545,1047,1,326.916666666667,317.083333333333,120.666666666667,122,253.916666666667,213.333333333333,128.75,87.25
"401",401,"LA",13,11,1,0,3766,3262,1673,1421,"CHI",8,4,0,2993,3020,1385,1030,0,313.833333333333,271.833333333333,139.416666666667,118.416666666667,249.416666666667,251.666666666667,115.416666666667,85.8333333333333
"402",402,"LAC",13,9,3,0,3426,2977,1502,1248,"CIN",5,7,0,3041,3470,1140,1835,1,285.5,248.083333333333,125.166666666667,104,253.416666666667,289.166666666667,95,152.916666666667
"403",403,"LV",13,2,10,0,3120,2985,1264,1839,"PIT",7,4,1,3966,3022,1117,1205,1,260,248.75,105.333333333333,153.25,330.5,251.833333333333,93.0833333333333,100.416666666667
"404",404,"MIA",13,6,6,0,2640,3199,1232,1736,"NE",9,3,0,3392,3297,1460,1280,1,220,266.583333333333,102.666666666667,144.666666666667,282.666666666667,274.75,121.666666666667,106.666666666667
"405",405,"MIN",13,6,5,1,3490,2997,1030,1190,"SEA",7,5,0,2716,3198,1786,1401,0,290.833333333333,249.75,85.8333333333333,99.1666666666667,226.333333333333,266.5,148.833333333333,116.75
"406",406,"NE",13,9,3,0,3392,3297,1460,1280,"MIA",6,6,0,2640,3199,1232,1736,0,282.666666666667,274.75,121.666666666667,106.666666666667,220,266.583333333333,102.666666666667,144.666666666667
"407",407,"NO",13,10,2,0,3326,3581,1529,901,"TB",5,7,0,4307,3507,1178,1452,1,277.166666666667,298.416666666667,127.416666666667,75.0833333333333,358.916666666667,292.25,98.1666666666667,121
"408",408,"NYG",13,4,8,0,3369,3158,1150,1499,"WAS",6,6,0,2652,3383,1399,1233,1,280.75,263.166666666667,95.8333333333333,124.916666666667,221,281.916666666667,116.583333333333,102.75
"409",409,"NYJ",13,3,9,0,2473,3166,1303,1540,"BUF",4,8,0,2231,2430,1453,1284,1,206.083333333333,263.833333333333,108.583333333333,128.333333333333,185.916666666667,202.5,121.083333333333,107
"410",410,"PHI",13,6,6,0,3312,3388,1239,1244,"DAL",7,5,0,2676,2927,1578,1095,0,276,282.333333333333,103.25,103.666666666667,223,243.916666666667,131.5,91.25
"411",411,"PIT",13,7,4,1,3966,3022,1117,1205,"LV",2,10,0,3120,2985,1264,1839,0,330.5,251.833333333333,93.0833333333333,100.416666666667,260,248.75,105.333333333333,153.25
"412",412,"SEA",13,7,5,0,2716,3198,1786,1401,"MIN",6,5,1,3490,2997,1030,1190,1,226.333333333333,266.5,148.833333333333,116.75,290.833333333333,249.75,85.8333333333333,99.1666666666667
"413",413,"SF",13,2,10,0,3117,3068,1550,1298,"DEN",6,6,0,2993,3377,1590,1465,1,259.75,255.666666666667,129.166666666667,108.166666666667,249.416666666667,281.416666666667,132.5,122.083333333333
"414",414,"TB",13,5,7,0,4307,3507,1178,1452,"NO",10,2,0,3326,3581,1529,901,0,358.916666666667,292.25,98.1666666666667,121,277.166666666667,298.416666666667,127.416666666667,75.0833333333333
"415",415,"TEN",13,6,6,0,2623,2812,1352,1437,"JAX",4,8,0,2882,2661,1335,1301,1,218.583333333333,234.333333333333,112.666666666667,119.75,240.166666666667,221.75,111.25,108.416666666667
"416",416,"WAS",13,6,6,0,2652,3383,1399,1233,"NYG",4,8,0,3369,3158,1150,1499,0,221,281.916666666667,116.583333333333,102.75,280.75,263.166666666667,95.8333333333333,124.916666666667
"417",417,"ARI",14,3,10,0,2310,2996,1093,1813,"ATL",4,9,0,4096,3508,1055,1706,0,177.692307692308,230.461538461538,84.0769230769231,139.461538461538,315.076923076923,269.846153846154,81.1538461538462,131.230769230769
"418",418,"ATL",14,4,9,0,4096,3508,1055,1706,"ARI",3,10,0,2310,2996,1093,1813,1,315.076923076923,269.846153846154,81.1538461538462,131.230769230769,177.692307692308,230.461538461538,84.0769230769231,139.461538461538
"419",419,"BAL",14,7,6,0,3194,2937,1739,1141,"TB",5,8,0,4520,3708,1283,1552,1,245.692307692308,225.923076923077,133.769230769231,87.7692307692308,347.692307692308,285.230769230769,98.6923076923077,119.384615384615
"420",420,"BUF",14,4,9,0,2437,2600,1629,1362,"DET",5,8,0,3201,3282,1339,1498,1,187.461538461538,200,125.307692307692,104.769230769231,246.230769230769,252.461538461538,103,115.230769230769
"421",421,"CAR",14,6,7,0,3310,3502,1786,1271,"NO",11,2,0,3527,3794,1629,1006,0,254.615384615385,269.384615384615,137.384615384615,97.7692307692308,271.307692307692,291.846153846154,125.307692307692,77.3846153846154
"422",422,"CHI",14,9,4,0,3103,3207,1579,1082,"GB",5,7,1,3755,3224,1406,1641,1,238.692307692308,246.692307692308,121.461538461538,83.2307692307692,288.846153846154,248,108.153846153846,126.230769230769
"423",423,"CIN",14,5,8,0,3211,3690,1284,1920,"LV",3,10,0,3442,3291,1319,1879,1,247,283.846153846154,98.7692307692308,147.692307692308,264.769230769231,253.153846153846,101.461538461538,144.538461538462
"424",424,"CLE",14,5,7,1,3350,3801,1563,1733,"DEN",6,7,0,3179,3709,1693,1549,1,257.692307692308,292.384615384615,120.230769230769,133.307692307692,244.538461538462,285.307692307692,130.230769230769,119.153846153846
"425",425,"DAL",14,8,5,0,3131,3155,1720,1129,"IND",7,6,0,3761,3353,1333,1338,0,240.846153846154,242.692307692308,132.307692307692,86.8461538461538,289.307692307692,257.923076923077,102.538461538462,102.923076923077
"426",426,"DEN",14,6,7,0,3179,3709,1693,1549,"CLE",5,7,1,3350,3801,1563,1733,0,244.538461538462,285.307692307692,130.230769230769,119.153846153846,257.692307692308,292.384615384615,120.230769230769,133.307692307692
"427",427,"DET",14,5,8,0,3201,3282,1339,1498,"BUF",4,9,0,2437,2600,1629,1362,0,246.230769230769,252.461538461538,103,115.230769230769,187.461538461538,200,125.307692307692,104.769230769231
"428",428,"GB",14,5,7,1,3755,3224,1406,1641,"CHI",9,4,0,3103,3207,1579,1082,0,288.846153846154,248,108.153846153846,126.230769230769,238.692307692308,246.692307692308,121.461538461538,83.2307692307692
"429",429,"HOU",14,9,4,0,3298,3646,1778,1146,"NYJ",4,9,0,2643,3372,1381,1716,1,253.692307692308,280.461538461538,136.769230769231,88.1538461538462,203.307692307692,259.384615384615,106.230769230769,132
"430",430,"IND",14,7,6,0,3761,3353,1333,1338,"DAL",8,5,0,3131,3155,1720,1129,1,289.307692307692,257.923076923077,102.538461538462,102.923076923077,240.846153846154,242.692307692308,132.307692307692,86.8461538461538
"431",431,"JAX",14,4,9,0,3122,2823,1395,1565,"WAS",6,7,0,2885,3580,1483,1460,0,240.153846153846,217.153846153846,107.307692307692,120.384615384615,221.923076923077,275.384615384615,114.076923076923,112.307692307692
"432",432,"KC",14,11,2,0,4300,3952,1542,1658,"LAC",10,3,0,3646,3147,1587,1392,0,330.769230769231,304,118.615384615385,127.538461538462,280.461538461538,242.076923076923,122.076923076923,107.076923076923
"433",433,"LA",14,11,2,0,3953,3372,1725,1615,"PHI",6,7,0,3540,3843,1273,1386,0,304.076923076923,259.384615384615,132.692307692308,124.230769230769,272.307692307692,295.615384615385,97.9230769230769,106.615384615385
"434",434,"LAC",14,10,3,0,3646,3147,1587,1392,"KC",11,2,0,4300,3952,1542,1658,1,280.461538461538,242.076923076923,122.076923076923,107.076923076923,330.769230769231,304,118.615384615385,127.538461538462
"435",435,"LV",14,3,10,0,3442,3291,1319,1879,"CIN",5,8,0,3211,3690,1284,1920,0,264.769230769231,253.153846153846,101.461538461538,144.538461538462,247,283.846153846154,98.7692307692308,147.692307692308
"436",436,"MIA",14,7,6,0,2905,3557,1421,1813,"MIN",6,6,1,3698,3069,1107,1404,0,223.461538461538,273.615384615385,109.307692307692,139.461538461538,284.461538461538,236.076923076923,85.1538461538462,108
"437",437,"MIN",14,6,6,1,3698,3069,1107,1404,"MIA",7,6,0,2905,3557,1421,1813,1,284.461538461538,236.076923076923,85.1538461538462,108,223.461538461538,273.615384615385,109.307692307692,139.461538461538
"438",438,"NE",14,9,4,0,3750,3562,1537,1469,"PIT",7,5,1,4272,3344,1157,1260,0,288.461538461538,274,118.230769230769,113,328.615384615385,257.230769230769,89,96.9230769230769
"439",439,"NO",14,11,2,0,3527,3794,1629,1006,"CAR",6,7,0,3310,3502,1786,1271,1,271.307692307692,291.846153846154,125.307692307692,77.3846153846154,254.615384615385,269.384615384615,137.384615384615,97.7692307692308
"440",440,"NYG",14,5,8,0,3566,3391,1377,1583,"TEN",7,6,0,2785,3052,1616,1497,0,274.307692307692,260.846153846154,105.923076923077,121.769230769231,214.230769230769,234.769230769231,124.307692307692,115.153846153846
"441",441,"NYJ",14,4,9,0,2643,3372,1381,1716,"HOU",9,4,0,3298,3646,1778,1146,0,203.307692307692,259.384615384615,106.230769230769,132,253.692307692308,280.461538461538,136.769230769231,88.1538461538462
"442",442,"PHI",14,6,7,0,3540,3843,1273,1386,"LA",11,2,0,3953,3372,1725,1615,1,272.307692307692,295.615384615385,97.9230769230769,106.615384615385,304.076923076923,259.384615384615,132.692307692308,124.230769230769
"443",443,"PIT",14,7,5,1,4272,3344,1157,1260,"NE",9,4,0,3750,3562,1537,1469,1,328.615384615385,257.230769230769,89,96.9230769230769,288.461538461538,274,118.230769230769,113
"444",444,"SEA",14,8,5,0,2788,3406,2000,1478,"SF",3,10,0,3449,3254,1634,1401,0,214.461538461538,262,153.846153846154,113.692307692308,265.307692307692,250.307692307692,125.692307692308,107.769230769231
"445",445,"SF",14,3,10,0,3449,3254,1634,1401,"SEA",8,5,0,2788,3406,2000,1478,1,265.307692307692,250.307692307692,125.692307692308,107.769230769231,214.461538461538,262,153.846153846154,113.692307692308
"446",446,"TB",14,5,8,0,4520,3708,1283,1552,"BAL",7,6,0,3194,2937,1739,1141,0,347.692307692308,285.230769230769,98.6923076923077,119.384615384615,245.692307692308,225.923076923077,133.769230769231,87.7692307692308
"447",447,"TEN",14,7,6,0,2785,3052,1616,1497,"NYG",5,8,0,3566,3391,1377,1583,1,214.230769230769,234.769230769231,124.307692307692,115.153846153846,274.307692307692,260.846153846154,105.923076923077,121.769230769231
"448",448,"WAS",14,6,7,0,2885,3580,1483,1460,"JAX",4,9,0,3122,2823,1395,1565,1,221.923076923077,275.384615384615,114.076923076923,112.307692307692,240.153846153846,217.153846153846,107.307692307692,120.384615384615
"449",449,"ARI",15,3,11,0,2553,3227,1153,2028,"LA",11,3,0,4292,3642,1807,1726,0,182.357142857143,230.5,82.3571428571429,144.857142857143,306.571428571429,260.142857142857,129.071428571429,123.285714285714
"450",450,"ATL",15,5,9,0,4327,3751,1270,1766,"CAR",6,8,0,3491,3705,1884,1426,1,309.071428571429,267.928571428571,90.7142857142857,126.142857142857,249.357142857143,264.642857142857,134.571428571429,101.857142857143
"451",451,"BAL",15,8,6,0,3325,3094,1981,1226,"LAC",11,3,0,3959,3390,1706,1452,1,237.5,221,141.5,87.5714285714286,282.785714285714,242.142857142857,121.857142857143,103.714285714286
"452",452,"BUF",15,5,9,0,2641,2808,1746,1467,"NE",9,5,0,4029,3797,1633,1627,0,188.642857142857,200.571428571429,124.714285714286,104.785714285714,287.785714285714,271.214285714286,116.642857142857,116.214285714286
"453",453,"CAR",15,6,8,0,3491,3705,1884,1426,"ATL",5,9,0,4327,3751,1270,1766,0,249.357142857143,264.642857142857,134.571428571429,101.857142857143,309.071428571429,267.928571428571,90.7142857142857,126.142857142857
"454",454,"CHI",15,10,4,0,3338,3481,1679,1170,"SF",4,10,0,3724,3491,1728,1562,1,238.428571428571,248.642857142857,119.928571428571,83.5714285714286,266,249.357142857143,123.428571428571,111.571428571429
"455",455,"CIN",15,6,8,0,3341,3953,1455,1988,"CLE",6,7,1,3538,4058,1697,1765,0,238.642857142857,282.357142857143,103.928571428571,142,252.714285714286,289.857142857143,121.214285714286,126.071428571429
"456",456,"CLE",15,6,7,1,3538,4058,1697,1765,"CIN",6,8,0,3341,3953,1455,1988,1,252.714285714286,289.857142857143,121.214285714286,126.071428571429,238.642857142857,282.357142857143,103.928571428571,142
"457",457,"DAL",15,8,6,0,3337,3347,1832,1307,"TB",5,9,0,4677,3839,1368,1794,1,238.357142857143,239.071428571429,130.857142857143,93.3571428571429,334.071428571429,274.214285714286,97.7142857142857,128.142857142857
"458",458,"DEN",15,6,8,0,3436,3897,1725,1683,"LV",3,11,0,3705,3421,1387,2050,0,245.428571428571,278.357142857143,123.214285714286,120.214285714286,264.642857142857,244.357142857143,99.0714285714286,146.428571428571
"459",459,"DET",15,5,9,0,3409,3486,1444,1615,"MIN",7,6,1,3913,3177,1327,1560,0,243.5,249,103.142857142857,115.357142857143,279.5,226.928571428571,94.7857142857143,111.428571428571
"460",460,"GB",15,5,8,1,4029,3459,1494,1741,"NYJ",4,10,0,2896,3666,1471,1763,1,287.785714285714,247.071428571429,106.714285714286,124.357142857143,206.857142857143,261.857142857143,105.071428571429,125.928571428571
"461",461,"HOU",15,10,4,0,3592,3899,1825,1236,"PHI",7,7,0,3810,4182,1384,1468,0,256.571428571429,278.5,130.357142857143,88.2857142857143,272.142857142857,298.714285714286,98.8571428571429,104.857142857143
"462",462,"IND",15,8,6,0,3953,3559,1511,1450,"NYG",5,9,0,3795,3485,1424,1798,1,282.357142857143,254.214285714286,107.928571428571,103.571428571429,271.071428571429,248.928571428571,101.714285714286,128.428571428571
"463",463,"JAX",15,4,10,0,3179,2974,1567,1674,"MIA",7,7,0,3013,3772,1577,2033,1,227.071428571429,212.428571428571,111.928571428571,119.571428571429,215.214285714286,269.428571428571,112.642857142857,145.214285714286
"464",464,"KC",15,11,3,0,4543,4265,1602,1777,"SEA",8,6,0,3025,3681,2161,1572,0,324.5,304.642857142857,114.428571428571,126.928571428571,216.071428571429,262.928571428571,154.357142857143,112.285714285714
"465",465,"LA",15,11,3,0,4292,3642,1807,1726,"ARI",3,11,0,2553,3227,1153,2028,1,306.571428571429,260.142857142857,129.071428571429,123.285714285714,182.357142857143,230.5,82.3571428571429,144.857142857143
"466",466,"LAC",15,11,3,0,3959,3390,1706,1452,"BAL",8,6,0,3325,3094,1981,1226,0,282.785714285714,242.142857142857,121.857142857143,103.714285714286,237.5,221,141.5,87.5714285714286
"467",467,"LV",15,3,11,0,3705,3421,1387,2050,"DEN",6,8,0,3436,3897,1725,1683,1,264.642857142857,244.357142857143,99.0714285714286,146.428571428571,245.428571428571,278.357142857143,123.214285714286,120.214285714286
"468",468,"MIA",15,7,7,0,3013,3772,1577,2033,"JAX",4,10,0,3179,2974,1567,1674,0,215.214285714286,269.428571428571,112.642857142857,145.214285714286,227.071428571429,212.428571428571,111.928571428571,119.571428571429
"469",469,"MIN",15,7,6,1,3913,3177,1327,1560,"DET",5,9,0,3409,3486,1444,1615,1,279.5,226.928571428571,94.7857142857143,111.428571428571,243.5,249,103.142857142857,115.357142857143
"470",470,"NE",15,9,5,0,4029,3797,1633,1627,"BUF",5,9,0,2641,2808,1746,1467,1,287.785714285714,271.214285714286,116.642857142857,116.214285714286,188.642857142857,200.571428571429,124.714285714286,104.785714285714
"471",471,"NO",15,12,2,0,3730,3975,1784,1104,"PIT",8,5,1,4507,3623,1315,1356,1,266.428571428571,283.928571428571,127.428571428571,78.8571428571429,321.928571428571,258.785714285714,93.9285714285714,96.8571428571429
"472",472,"NYG",15,5,9,0,3795,3485,1424,1798,"IND",8,6,0,3953,3559,1511,1450,0,271.071428571429,248.928571428571,101.714285714286,128.428571428571,282.357142857143,254.214285714286,107.928571428571,103.571428571429
"473",473,"NYJ",15,4,10,0,2896,3666,1471,1763,"GB",5,8,1,4029,3459,1494,1741,0,206.857142857143,261.857142857143,105.071428571429,125.928571428571,287.785714285714,247.071428571429,106.714285714286,124.357142857143
"474",474,"PHI",15,7,7,0,3810,4182,1384,1468,"HOU",10,4,0,3592,3899,1825,1236,1,272.142857142857,298.714285714286,98.8571428571429,104.857142857143,256.571428571429,278.5,130.357142857143,88.2857142857143
"475",475,"PIT",15,8,5,1,4507,3623,1315,1356,"NO",12,2,0,3730,3975,1784,1104,0,321.928571428571,258.785714285714,93.9285714285714,96.8571428571429,266.428571428571,283.928571428571,127.428571428571,78.8571428571429
"476",476,"SEA",15,8,6,0,3025,3681,2161,1572,"KC",11,3,0,4543,4265,1602,1777,1,216.071428571429,262.928571428571,154.357142857143,112.285714285714,324.5,304.642857142857,114.428571428571,126.928571428571
"477",477,"SF",15,4,10,0,3724,3491,1728,1562,"CHI",10,4,0,3338,3481,1679,1170,0,266,249.357142857143,123.428571428571,111.571428571429,238.428571428571,248.642857142857,119.928571428571,83.5714285714286
"478",478,"TB",15,5,9,0,4677,3839,1368,1794,"DAL",8,6,0,3337,3347,1832,1307,0,334.071428571429,274.214285714286,97.7142857142857,128.142857142857,238.357142857143,239.071428571429,130.857142857143,93.3571428571429
"479",479,"TEN",15,8,6,0,2879,3281,1831,1544,"WAS",7,7,0,3036,3637,1592,1632,1,205.642857142857,234.357142857143,130.785714285714,110.285714285714,216.857142857143,259.785714285714,113.714285714286,116.571428571429
"480",480,"WAS",15,7,7,0,3036,3637,1592,1632,"TEN",8,6,0,2879,3281,1831,1544,0,216.857142857143,259.785714285714,113.714285714286,116.571428571429,205.642857142857,234.357142857143,130.785714285714,110.285714285714
"481",481,"ARI",16,3,12,0,2735,3443,1257,2297,"SEA",9,6,0,3296,3954,2371,1726,0,182.333333333333,229.533333333333,83.8,153.133333333333,219.733333333333,263.6,158.066666666667,115.066666666667
"482",482,"ATL",16,6,9,0,4566,4063,1464,1907,"TB",5,10,0,5013,4000,1431,1874,1,304.4,270.866666666667,97.6,127.133333333333,334.2,266.666666666667,95.4,124.933333333333
"483",483,"BAL",16,9,6,0,3529,3275,2140,1277,"CLE",7,7,1,3885,4191,1843,1867,1,235.266666666667,218.333333333333,142.666666666667,85.1333333333333,259,279.4,122.866666666667,124.466666666667
"484",484,"BUF",16,5,10,0,2858,2934,1818,1740,"MIA",7,8,0,3159,3917,1639,2159,1,190.533333333333,195.6,121.2,116,210.6,261.133333333333,109.266666666667,143.933333333333
"485",485,"CAR",16,6,9,0,3803,3944,2025,1620,"NO",13,2,0,4056,4355,1841,1169,1,253.533333333333,262.933333333333,135,108,270.4,290.333333333333,122.733333333333,77.9333333333333
"486",486,"CHI",16,11,4,0,3584,3722,1769,1217,"MIN",8,6,1,4166,3338,1427,1646,1,238.933333333333,248.133333333333,117.933333333333,81.1333333333333,277.733333333333,222.533333333333,95.1333333333333,109.733333333333
"487",487,"CIN",16,6,9,0,3474,4300,1557,2134,"PIT",8,6,1,4887,3949,1380,1413,0,231.6,286.666666666667,103.8,142.266666666667,325.8,263.266666666667,92,94.2
"488",488,"CLE",16,7,7,1,3885,4191,1843,1867,"BAL",9,6,0,3529,3275,2140,1277,0,259,279.4,122.866666666667,124.466666666667,235.266666666667,218.333333333333,142.666666666667,85.1333333333333
"489",489,"DAL",16,9,6,0,3498,3683,1912,1370,"NYG",5,10,0,4104,3842,1507,1847,1,233.2,245.533333333333,127.466666666667,91.3333333333333,273.6,256.133333333333,100.466666666667,123.133333333333
"490",490,"DEN",16,6,9,0,3638,4064,1825,1797,"LAC",11,4,0,4140,3594,1757,1611,0,242.533333333333,270.933333333333,121.666666666667,119.8,276,239.6,117.133333333333,107.4
"491",491,"DET",16,5,10,0,3570,3739,1530,1715,"GB",6,8,1,4471,3800,1621,1788,1,238,249.266666666667,102,114.333333333333,298.066666666667,253.333333333333,108.066666666667,119.2
"492",492,"GB",16,6,8,1,4471,3800,1621,1788,"DET",5,10,0,3570,3739,1530,1715,0,298.066666666667,253.333333333333,108.066666666667,119.2,238,249.266666666667,102,114.333333333333
"493",493,"HOU",16,10,5,0,3931,4370,1887,1293,"JAX",5,10,0,3324,3120,1693,1736,1,262.066666666667,291.333333333333,125.8,86.2,221.6,208,112.866666666667,115.733333333333
"494",494,"IND",16,9,6,0,4310,3868,1560,1533,"TEN",9,6,0,3090,3434,1930,1705,1,287.333333333333,257.866666666667,104,102.2,206,228.933333333333,128.666666666667,113.666666666667
"495",495,"JAX",16,5,10,0,3324,3120,1693,1736,"HOU",10,5,0,3931,4370,1887,1293,0,221.6,208,112.866666666667,115.733333333333,262.066666666667,291.333333333333,125.8,86.2
"496",496,"KC",16,11,4,0,4816,4536,1756,1987,"LV",4,11,0,3872,3623,1501,2150,1,321.066666666667,302.4,117.066666666667,132.466666666667,258.133333333333,241.533333333333,100.066666666667,143.333333333333
"497",497,"LA",16,12,3,0,4508,3824,2076,1830,"SF",4,11,0,3965,3737,1775,1652,1,300.533333333333,254.933333333333,138.4,122,264.333333333333,249.133333333333,118.333333333333,110.133333333333
"498",498,"LAC",16,11,4,0,4140,3594,1757,1611,"DEN",6,9,0,3638,4064,1825,1797,1,276,239.6,117.133333333333,107.4,242.533333333333,270.933333333333,121.666666666667,119.8
"499",499,"LV",16,4,11,0,3872,3623,1501,2150,"KC",11,4,0,4816,4536,1756,1987,0,258.133333333333,241.533333333333,100.066666666667,143.333333333333,321.066666666667,302.4,117.066666666667,132.466666666667
"500",500,"MIA",16,7,8,0,3159,3917,1639,2159,"BUF",5,10,0,2858,2934,1818,1740,0,210.6,261.133333333333,109.266666666667,143.933333333333,190.533333333333,195.6,121.2,116
"501",501,"MIN",16,8,6,1,4166,3338,1427,1646,"CHI",11,4,0,3584,3722,1769,1217,0,277.733333333333,222.533333333333,95.1333333333333,109.733333333333,238.933333333333,248.133333333333,117.933333333333,81.1333333333333
"502",502,"NE",16,10,5,0,4155,4014,1906,1699,"NYJ",4,11,0,3237,4108,1518,1890,1,277,267.6,127.066666666667,113.266666666667,215.8,273.866666666667,101.2,126
"503",503,"NO",16,13,2,0,4056,4355,1841,1169,"CAR",6,9,0,3803,3944,2025,1620,0,270.4,290.333333333333,122.733333333333,77.9333333333333,253.533333333333,262.933333333333,135,108
"504",504,"NYG",16,5,10,0,4104,3842,1507,1847,"DAL",9,6,0,3498,3683,1912,1370,0,273.6,256.133333333333,100.466666666667,123.133333333333,233.2,245.533333333333,127.466666666667,91.3333333333333
"505",505,"NYJ",16,4,11,0,3237,4108,1518,1890,"NE",10,5,0,4155,4014,1906,1699,0,215.8,273.866666666667,101.2,126,277,267.6,127.066666666667,113.266666666667
"506",506,"PHI",16,8,7,0,4281,4521,1441,1530,"WAS",7,8,0,3189,3848,1753,1731,1,285.4,301.4,96.0666666666667,102,212.6,256.533333333333,116.866666666667,115.4
"507",507,"PIT",16,8,6,1,4887,3949,1380,1413,"CIN",6,9,0,3474,4300,1557,2134,1,325.8,263.266666666667,92,94.2,231.6,286.666666666667,103.8,142.266666666667
"508",508,"SEA",16,9,6,0,3296,3954,2371,1726,"ARI",3,12,0,2735,3443,1257,2297,1,219.733333333333,263.6,158.066666666667,115.066666666667,182.333333333333,229.533333333333,83.8,153.133333333333
"509",509,"SF",16,4,11,0,3965,3737,1775,1652,"LA",12,3,0,4508,3824,2076,1830,0,264.333333333333,249.133333333333,118.333333333333,110.133333333333,300.533333333333,254.933333333333,138.4,122
"510",510,"TB",16,5,10,0,5013,4000,1431,1874,"ATL",6,9,0,4566,4063,1464,1907,0,334.2,266.666666666667,95.4,124.933333333333,304.4,270.866666666667,97.6,127.133333333333
"511",511,"TEN",16,9,6,0,3090,3434,1930,1705,"IND",9,6,0,4310,3868,1560,1533,0,206,228.933333333333,128.666666666667,113.666666666667,287.333333333333,257.866666666667,104,102.2
"512",512,"WAS",16,7,8,0,3189,3848,1753,1731,"PHI",8,7,0,4281,4521,1441,1530,0,212.6,256.533333333333,116.866666666667,115.4,285.4,301.4,96.0666666666667,102
"513",513,"BAL",17,10,6,0,3708,3651,2436,1327,"LAC",12,4,0,4316,3886,1873,1693,0,231.75,228.1875,152.25,82.9375,269.75,242.875,117.0625,105.8125
"514",514,"CHI",17,12,4,0,3747,3854,1938,1280,"PHI",9,7,0,4524,4619,1570,1551,0,234.1875,240.875,121.125,80,282.75,288.6875,98.125,96.9375
"515",515,"DAL",17,10,6,0,3885,3984,1963,1513,"SEA",10,6,0,3448,4103,2553,1811,1,242.8125,249,122.6875,94.5625,215.5,256.4375,159.5625,113.1875
"516",516,"HOU",17,11,5,0,4165,4477,2021,1323,"IND",10,6,0,4595,4033,1718,1626,0,260.3125,279.8125,126.3125,82.6875,287.1875,252.0625,107.375,101.625
"517",517,"IND",17,10,6,0,4595,4033,1718,1626,"HOU",11,5,0,4165,4477,2021,1323,1,287.1875,252.0625,107.375,101.625,260.3125,279.8125,126.3125,82.6875
"518",518,"LAC",17,12,4,0,4316,3886,1873,1693,"BAL",10,6,0,3708,3651,2436,1327,1,269.75,242.875,117.0625,105.8125,231.75,228.1875,152.25,82.9375
"519",519,"PHI",17,9,7,0,4524,4619,1570,1551,"CHI",12,4,0,3747,3854,1938,1280,1,282.75,288.6875,98.125,96.9375,234.1875,240.875,121.125,80
"520",520,"SEA",17,10,6,0,3448,4103,2553,1811,"DAL",10,6,0,3885,3984,1963,1513,0,215.5,256.4375,159.5625,113.1875,242.8125,249,122.6875,94.5625
